DATAFLOW,REF_AREA,DATA_TYPE,SEX,AGE,TIME_PERIOD,OBS_VALUE,OBS_STATUS
IT1:22_289_DF_DCIS_POPRES1_1(1.0),IT,JAN,1,TOTAL,2019,29131195,
IT1:22_289_DF_DCIS_POPRES1_1(1.0),IT,JAN,1,TOTAL,2020,29050096,
IT1:22_289_DF_DCIS_POPRES1_1(1.0),IT,JAN,1,TOTAL,2021,28866226,
IT1:22_289_DF_DCIS_POPRES1_1(1.0),IT,JAN,1,TOTAL,2022,28818956,
IT1:22_289_DF_DCIS_POPRES1_1(1.0),IT,JAN,1,TOTAL,2023,28814832,
IT1:22_289_DF_DCIS_POPRES1_1(1.0),IT,JAN,1,TOTAL,2024,28846728,
IT1:22_289_DF_DCIS_POPRES1_1(1.0),IT,JAN,1,TOTAL,2025,28871717,
IT1:22_289_DF_DCIS_POPRES1_1(1.0),IT,JAN,1,TOTAL,2026,28920635,e
IT1:22_289_DF_DCIS_POPRES1_1(1.0),IT,JAN,2,TOTAL,2019,30685478,
IT1:22_289_DF_DCIS_POPRES1_1(1.0),IT,JAN,2,TOTAL,2020,30591392,
IT1:22_289_DF_DCIS_POPRES1_1(1.0),IT,JAN,2,TOTAL,2021,30369987,
IT1:22_289_DF_DCIS_POPRES1_1(1.0),IT,JAN,2,TOTAL,2022,30211177,
IT1:22_289_DF_DCIS_POPRES1_1(1.0),IT,JAN,2,TOTAL,2023,30182369,
IT1:22_289_DF_DCIS_POPRES1_1(1.0),IT,JAN,2,TOTAL,2024,30124502,
IT1:22_289_DF_DCIS_POPRES1_1(1.0),IT,JAN,2,TOTAL,2025,30071747,
IT1:22_289_DF_DCIS_POPRES1_1(1.0),IT,JAN,2,TOTAL,2026,30022193,e
IT1:22_289_DF_DCIS_POPRES1_1(1.0),IT,JAN,9,TOTAL,2019,59816673,
IT1:22_289_DF_DCIS_POPRES1_1(1.0),IT,JAN,9,TOTAL,2020,59641488,
IT1:22_289_DF_DCIS_POPRES1_1(1.0),IT,JAN,9,TOTAL,2021,59236213,
IT1:22_289_DF_DCIS_POPRES1_1(1.0),IT,JAN,9,TOTAL,2022,59030133,
IT1:22_289_DF_DCIS_POPRES1_1(1.0),IT,JAN,9,TOTAL,2023,58997201,
IT1:22_289_DF_DCIS_POPRES1_1(1.0),IT,JAN,9,TOTAL,2024,58971230,
IT1:22_289_DF_DCIS_POPRES1_1(1.0),IT,JAN,9,TOTAL,2025,58943464,
IT1:22_289_DF_DCIS_POPRES1_1(1.0),IT,JAN,9,TOTAL,2026,58942828,e
IT1:22_289_DF_DCIS_POPRES1_1(1.0),IT108,JAN,1,TOTAL,2019,425094,
IT1:22_289_DF_DCIS_POPRES1_1(1.0),IT108,JAN,1,TOTAL,2020,426302,
IT1:22_289_DF_DCIS_POPRES1_1(1.0),IT108,JAN,1,TOTAL,2021,426508,
IT1:22_289_DF_DCIS_POPRES1_1(1.0),IT108,JAN,1,TOTAL,2022,426813,
IT1:22_289_DF_DCIS_POPRES1_1(1.0),IT108,JAN,1,TOTAL,2023,428408,
IT1:22_289_DF_DCIS_POPRES1_1(1.0),IT108,JAN,1,TOTAL,2024,430246,
IT1:22_289_DF_DCIS_POPRES1_1(1.0),IT108,JAN,1,TOTAL,2025,431954,
IT1:22_289_DF_DCIS_POPRES1_1(1.0),IT108,JAN,1,TOTAL,2026,434432,e
IT1:22_289_DF_DCIS_POPRES1_1(1.0),IT108,JAN,2,TOTAL,2019,442291,
IT1:22_289_DF_DCIS_POPRES1_1(1.0),IT108,JAN,2,TOTAL,2020,443891,
IT1:22_289_DF_DCIS_POPRES1_1(1.0),IT108,JAN,2,TOTAL,2021,443605,
IT1:22_289_DF_DCIS_POPRES1_1(1.0),IT108,JAN,2,TOTAL,2022,443594,
IT1:22_289_DF_DCIS_POPRES1_1(1.0),IT108,JAN,2,TOTAL,2023,445198,
IT1:22_289_DF_DCIS_POPRES1_1(1.0),IT108,JAN,2,TOTAL,2024,446546,
IT1:22_289_DF_DCIS_POPRES1_1(1.0),IT108,JAN,2,TOTAL,2025,447349,
IT1:22_289_DF_DCIS_POPRES1_1(1.0),IT108,JAN,2,TOTAL,2026,448964,e
IT1:22_289_DF_DCIS_POPRES1_1(1.0),IT108,JAN,9,TOTAL,2019,867385,
IT1:22_289_DF_DCIS_POPRES1_1(1.0),IT108,JAN,9,TOTAL,2020,870193,
IT1:22_289_DF_DCIS_POPRES1_1(1.0),IT108,JAN,9,TOTAL,2021,870113,
IT1:22_289_DF_DCIS_POPRES1_1(1.0),IT108,JAN,9,TOTAL,2022,870407,
IT1:22_289_DF_DCIS_POPRES1_1(1.0),IT108,JAN,9,TOTAL,2023,873606,
IT1:22_289_DF_DCIS_POPRES1_1(1.0),IT108,JAN,9,TOTAL,2024,876792,
IT1:22_289_DF_DCIS_POPRES1_1(1.0),IT108,JAN,9,TOTAL,2025,879303,
IT1:22_289_DF_DCIS_POPRES1_1(1.0),IT108,JAN,9,TOTAL,2026,883396,e
IT1:22_289_DF_DCIS_POPRES1_1(1.0),ITC4,JAN,1,TOTAL,2019,4902201,
IT1:22_289_DF_DCIS_POPRES1_1(1.0),ITC4,JAN,1,TOTAL,2020,4912375,
IT1:22_289_DF_DCIS_POPRES1_1(1.0),ITC4,JAN,1,TOTAL,2021,4895446,
IT1:22_289_DF_DCIS_POPRES1_1(1.0),ITC4,JAN,1,TOTAL,2022,4881528,
IT1:22_289_DF_DCIS_POPRES1_1(1.0),ITC4,JAN,1,TOTAL,2023,4900520,
IT1:22_289_DF_DCIS_POPRES1_1(1.0),ITC4,JAN,1,TOTAL,2024,4927003,
IT1:22_289_DF_DCIS_POPRES1_1(1.0),ITC4,JAN,1,TOTAL,2025,4944359,
IT1:22_289_DF_DCIS_POPRES1_1(1.0),ITC4,JAN,1,TOTAL,2026,4967927,e
IT1:22_289_DF_DCIS_POPRES1_1(1.0),ITC4,JAN,2,TOTAL,2019,5108632,
IT1:22_289_DF_DCIS_POPRES1_1(1.0),ITC4,JAN,2,TOTAL,2020,5115227,
IT1:22_289_DF_DCIS_POPRES1_1(1.0),ITC4,JAN,2,TOTAL,2021,5086108,
IT1:22_289_DF_DCIS_POPRES1_1(1.0),ITC4,JAN,2,TOTAL,2022,5061476,
IT1:22_289_DF_DCIS_POPRES1_1(1.0),ITC4,JAN,2,TOTAL,2023,5075989,
IT1:22_289_DF_DCIS_POPRES1_1(1.0),ITC4,JAN,2,TOTAL,2024,5085051,
IT1:22_289_DF_DCIS_POPRES1_1(1.0),ITC4,JAN,2,TOTAL,2025,5089559,
IT1:22_289_DF_DCIS_POPRES1_1(1.0),ITC4,JAN,2,TOTAL,2026,5097767,e
IT1:22_289_DF_DCIS_POPRES1_1(1.0),ITC4,JAN,9,TOTAL,2019,10010833,
IT1:22_289_DF_DCIS_POPRES1_1(1.0),ITC4,JAN,9,TOTAL,2020,10027602,
IT1:22_289_DF_DCIS_POPRES1_1(1.0),ITC4,JAN,9,TOTAL,2021,9981554,
IT1:22_289_DF_DCIS_POPRES1_1(1.0),ITC4,JAN,9,TOTAL,2022,9943004,
IT1:22_289_DF_DCIS_POPRES1_1(1.0),ITC4,JAN,9,TOTAL,2023,9976509,
IT1:22_289_DF_DCIS_POPRES1_1(1.0),ITC4,JAN,9,TOTAL,2024,10012054,
IT1:22_289_DF_DCIS_POPRES1_1(1.0),ITC4,JAN,9,TOTAL,2025,10033918,
IT1:22_289_DF_DCIS_POPRES1_1(1.0),ITC4,JAN,9,TOTAL,2026,10065694,e
IT1:22_289_DF_DCIS_POPRES1_1(1.0),ITC41,JAN,1,TOTAL,2019,431187,
IT1:22_289_DF_DCIS_POPRES1_1(1.0),ITC41,JAN,1,TOTAL,2020,430971,
IT1:22_289_DF_DCIS_POPRES1_1(1.0),ITC41,JAN,1,TOTAL,2021,428879,
IT1:22_289_DF_DCIS_POPRES1_1(1.0),ITC41,JAN,1,TOTAL,2022,427977,
IT1:22_289_DF_DCIS_POPRES1_1(1.0),ITC41,JAN,1,TOTAL,2023,428937,
IT1:22_289_DF_DCIS_POPRES1_1(1.0),ITC41,JAN,1,TOTAL,2024,429762,
IT1:22_289_DF_DCIS_POPRES1_1(1.0),ITC41,JAN,1,TOTAL,2025,431575,
IT1:22_289_DF_DCIS_POPRES1_1(1.0),ITC41,JAN,1,TOTAL,2026,433210,e
IT1:22_289_DF_DCIS_POPRES1_1(1.0),ITC41,JAN,2,TOTAL,2019,453898,
IT1:22_289_DF_DCIS_POPRES1_1(1.0),ITC41,JAN,2,TOTAL,2020,453905,
IT1:22_289_DF_DCIS_POPRES1_1(1.0),ITC41,JAN,2,TOTAL,2021,451214,
IT1:22_289_DF_DCIS_POPRES1_1(1.0),ITC41,JAN,2,TOTAL,2022,449691,
IT1:22_289_DF_DCIS_POPRES1_1(1.0),ITC41,JAN,2,TOTAL,2023,450794,
IT1:22_289_DF_DCIS_POPRES1_1(1.0),ITC41,JAN,2,TOTAL,2024,450495,
IT1:22_289_DF_DCIS_POPRES1_1(1.0),ITC41,JAN,2,TOTAL,2025,451017,
IT1:22_289_DF_DCIS_POPRES1_1(1.0),ITC41,JAN,2,TOTAL,2026,451591,e
IT1:22_289_DF_DCIS_POPRES1_1(1.0),ITC41,JAN,9,TOTAL,2019,885085,
IT1:22_289_DF_DCIS_POPRES1_1(1.0),ITC41,JAN,9,TOTAL,2020,884876,
IT1:22_289_DF_DCIS_POPRES1_1(1.0),ITC41,JAN,9,TOTAL,2021,880093,
IT1:22_289_DF_DCIS_POPRES1_1(1.0),ITC41,JAN,9,TOTAL,2022,877668,
IT1:22_289_DF_DCIS_POPRES1_1(1.0),ITC41,JAN,9,TOTAL,2023,879731,
IT1:22_289_DF_DCIS_POPRES1_1(1.0),ITC41,JAN,9,TOTAL,2024,880257,
IT1:22_289_DF_DCIS_POPRES1_1(1.0),ITC41,JAN,9,TOTAL,2025,882592,
IT1:22_289_DF_DCIS_POPRES1_1(1.0),ITC41,JAN,9,TOTAL,2026,884801,e
IT1:22_289_DF_DCIS_POPRES1_1(1.0),ITC42,JAN,1,TOTAL,2019,293627,
IT1:22_289_DF_DCIS_POPRES1_1(1.0),ITC42,JAN,1,TOTAL,2020,293740,
IT1:22_289_DF_DCIS_POPRES1_1(1.0),ITC42,JAN,1,TOTAL,2021,293322,
IT1:22_289_DF_DCIS_POPRES1_1(1.0),ITC42,JAN,1,TOTAL,2022,292781,
IT1:22_289_DF_DCIS_POPRES1_1(1.0),ITC42,JAN,1,TOTAL,2023,293870,
IT1:22_289_DF_DCIS_POPRES1_1(1.0),ITC42,JAN,1,TOTAL,2024,294649,
IT1:22_289_DF_DCIS_POPRES1_1(1.0),ITC42,JAN,1,TOTAL,2025,294960,
IT1:22_289_DF_DCIS_POPRES1_1(1.0),ITC42,JAN,1,TOTAL,2026,295515,e
IT1:22_289_DF_DCIS_POPRES1_1(1.0),ITC42,JAN,2,TOTAL,2019,304180,
IT1:22_289_DF_DCIS_POPRES1_1(1.0),ITC42,JAN,2,TOTAL,2020,303902,
IT1:22_289_DF_DCIS_POPRES1_1(1.0),ITC42,JAN,2,TOTAL,2021,303134,
IT1:22_289_DF_DCIS_POPRES1_1(1.0),ITC42,JAN,2,TOTAL,2022,302160,
IT1:22_289_DF_DCIS_POPRES1_1(1.0),ITC42,JAN,2,TOTAL,2023,303247,
IT1:22_289_DF_DCIS_POPRES1_1(1.0),ITC42,JAN,2,TOTAL,2024,303300,
IT1:22_289_DF_DCIS_POPRES1_1(1.0),ITC42,JAN,2,TOTAL,2025,303231,
IT1:22_289_DF_DCIS_POPRES1_1(1.0),ITC42,JAN,2,TOTAL,2026,303047,e
IT1:22_289_DF_DCIS_POPRES1_1(1.0),ITC42,JAN,9,TOTAL,2019,597807,
IT1:22_289_DF_DCIS_POPRES1_1(1.0),ITC42,JAN,9,TOTAL,2020,597642,
IT1:22_289_DF_DCIS_POPRES1_1(1.0),ITC42,JAN,9,TOTAL,2021,596456,
IT1:22_289_DF_DCIS_POPRES1_1(1.0),ITC42,JAN,9,TOTAL,2022,594941,
IT1:22_289_DF_DCIS_POPRES1_1(1.0),ITC42,JAN,9,TOTAL,2023,597117,
IT1:22_289_DF_DCIS_POPRES1_1(1.0),ITC42,JAN,9,TOTAL,2024,597949,
IT1:22_289_DF_DCIS_POPRES1_1(1.0),ITC42,JAN,9,TOTAL,2025,598191,
IT1:22_289_DF_DCIS_POPRES1_1(1.0),ITC42,JAN,9,TOTAL,2026,598562,e
IT1:22_289_DF_DCIS_POPRES1_1(1.0),ITC43,JAN,1,TOTAL,2019,165523,
IT1:22_289_DF_DCIS_POPRES1_1(1.0),ITC43,JAN,1,TOTAL,2020,165229,
IT1:22_289_DF_DCIS_POPRES1_1(1.0),ITC43,JAN,1,TOTAL,2021,164689,
IT1:22_289_DF_DCIS_POPRES1_1(1.0),ITC43,JAN,1,TOTAL,2022,164165,
IT1:22_289_DF_DCIS_POPRES1_1(1.0),ITC43,JAN,1,TOTAL,2023,164366,
IT1:22_289_DF_DCIS_POPRES1_1(1.0),ITC43,JAN,1,TOTAL,2024,164807,
IT1:22_289_DF_DCIS_POPRES1_1(1.0),ITC43,JAN,1,TOTAL,2025,165369,
IT1:22_289_DF_DCIS_POPRES1_1(1.0),ITC43,JAN,1,TOTAL,2026,165750,e
IT1:22_289_DF_DCIS_POPRES1_1(1.0),ITC43,JAN,2,TOTAL,2019,170031,
IT1:22_289_DF_DCIS_POPRES1_1(1.0),ITC43,JAN,2,TOTAL,2020,169732,
IT1:22_289_DF_DCIS_POPRES1_1(1.0),ITC43,JAN,2,TOTAL,2021,168880,
IT1:22_289_DF_DCIS_POPRES1_1(1.0),ITC43,JAN,2,TOTAL,2022,168292,
IT1:22_289_DF_DCIS_POPRES1_1(1.0),ITC43,JAN,2,TOTAL,2023,168409,
IT1:22_289_DF_DCIS_POPRES1_1(1.0),ITC43,JAN,2,TOTAL,2024,168463,
IT1:22_289_DF_DCIS_POPRES1_1(1.0),ITC43,JAN,2,TOTAL,2025,168378,
IT1:22_289_DF_DCIS_POPRES1_1(1.0),ITC43,JAN,2,TOTAL,2026,168461,e
IT1:22_289_DF_DCIS_POPRES1_1(1.0),ITC43,JAN,9,TOTAL,2019,335554,
IT1:22_289_DF_DCIS_POPRES1_1(1.0),ITC43,JAN,9,TOTAL,2020,334961,
IT1:22_289_DF_DCIS_POPRES1_1(1.0),ITC43,JAN,9,TOTAL,2021,333569,
IT1:22_289_DF_DCIS_POPRES1_1(1.0),ITC43,JAN,9,TOTAL,2022,332457,
IT1:22_289_DF_DCIS_POPRES1_1(1.0),ITC43,JAN,9,TOTAL,2023,332775,
IT1:22_289_DF_DCIS_POPRES1_1(1.0),ITC43,JAN,9,TOTAL,2024,333270,
IT1:22_289_DF_DCIS_POPRES1_1(1.0),ITC43,JAN,9,TOTAL,2025,333747,
IT1:22_289_DF_DCIS_POPRES1_1(1.0),ITC43,JAN,9,TOTAL,2026,334211,e
IT1:22_289_DF_DCIS_POPRES1_1(1.0),ITC44,JAN,1,TOTAL,2019,88718,
IT1:22_289_DF_DCIS_POPRES1_1(1.0),ITC44,JAN,1,TOTAL,2020,88684,
IT1:22_289_DF_DCIS_POPRES1_1(1.0),ITC44,JAN,1,TOTAL,2021,88017,
IT1:22_289_DF_DCIS_POPRES1_1(1.0),ITC44,JAN,1,TOTAL,2022,88067,
IT1:22_289_DF_DCIS_POPRES1_1(1.0),ITC44,JAN,1,TOTAL,2023,88128,
IT1:22_289_DF_DCIS_POPRES1_1(1.0),ITC44,JAN,1,TOTAL,2024,88316,
IT1:22_289_DF_DCIS_POPRES1_1(1.0),ITC44,JAN,1,TOTAL,2025,88545,
IT1:22_289_DF_DCIS_POPRES1_1(1.0),ITC44,JAN,1,TOTAL,2026,88878,e
IT1:22_289_DF_DCIS_POPRES1_1(1.0),ITC44,JAN,2,TOTAL,2019,91962,
IT1:22_289_DF_DCIS_POPRES1_1(1.0),ITC44,JAN,2,TOTAL,2020,91741,
IT1:22_289_DF_DCIS_POPRES1_1(1.0),ITC44,JAN,2,TOTAL,2021,90781,
IT1:22_289_DF_DCIS_POPRES1_1(1.0),ITC44,JAN,2,TOTAL,2022,90717,
IT1:22_289_DF_DCIS_POPRES1_1(1.0),ITC44,JAN,2,TOTAL,2023,90667,
IT1:22_289_DF_DCIS_POPRES1_1(1.0),ITC44,JAN,2,TOTAL,2024,90557,
IT1:22_289_DF_DCIS_POPRES1_1(1.0),ITC44,JAN,2,TOTAL,2025,90555,
IT1:22_289_DF_DCIS_POPRES1_1(1.0),ITC44,JAN,2,TOTAL,2026,90390,e
IT1:22_289_DF_DCIS_POPRES1_1(1.0),ITC44,JAN,9,TOTAL,2019,180680,
IT1:22_289_DF_DCIS_POPRES1_1(1.0),ITC44,JAN,9,TOTAL,2020,180425,
IT1:22_289_DF_DCIS_POPRES1_1(1.0),ITC44,JAN,9,TOTAL,2021,178798,
IT1:22_289_DF_DCIS_POPRES1_1(1.0),ITC44,JAN,9,TOTAL,2022,178784,
IT1:22_289_DF_DCIS_POPRES1_1(1.0),ITC44,JAN,9,TOTAL,2023,178795,
IT1:22_289_DF_DCIS_POPRES1_1(1.0),ITC44,JAN,9,TOTAL,2024,178873,
IT1:22_289_DF_DCIS_POPRES1_1(1.0),ITC44,JAN,9,TOTAL,2025,179100,
IT1:22_289_DF_DCIS_POPRES1_1(1.0),ITC44,JAN,9,TOTAL,2026,179268,e
IT1:22_289_DF_DCIS_POPRES1_1(1.0),ITC45,JAN,1,TOTAL,2019,1576705,
IT1:22_289_DF_DCIS_POPRES1_1(1.0),ITC45,JAN,1,TOTAL,2020,1585425,
IT1:22_289_DF_DCIS_POPRES1_1(1.0),ITC45,JAN,1,TOTAL,2021,1575337,
IT1:22_289_DF_DCIS_POPRES1_1(1.0),ITC45,JAN,1,TOTAL,2022,1564438,
IT1:22_289_DF_DCIS_POPRES1_1(1.0),ITC45,JAN,1,TOTAL,2023,1572189,
IT1:22_289_DF_DCIS_POPRES1_1(1.0),ITC45,JAN,1,TOTAL,2024,1584904,
IT1:22_289_DF_DCIS_POPRES1_1(1.0),ITC45,JAN,1,TOTAL,2025,1586778,
IT1:22_289_DF_DCIS_POPRES1_1(1.0),ITC45,JAN,1,TOTAL,2026,1591707,e
IT1:22_289_DF_DCIS_POPRES1_1(1.0),ITC45,JAN,2,TOTAL,2019,1673372,
IT1:22_289_DF_DCIS_POPRES1_1(1.0),ITC45,JAN,2,TOTAL,2020,1679902,
IT1:22_289_DF_DCIS_POPRES1_1(1.0),ITC45,JAN,2,TOTAL,2021,1666476,
IT1:22_289_DF_DCIS_POPRES1_1(1.0),ITC45,JAN,2,TOTAL,2022,1650192,
IT1:22_289_DF_DCIS_POPRES1_1(1.0),ITC45,JAN,2,TOTAL,2023,1655817,
IT1:22_289_DF_DCIS_POPRES1_1(1.0),ITC45,JAN,2,TOTAL,2024,1660555,
IT1:22_289_DF_DCIS_POPRES1_1(1.0),ITC45,JAN,2,TOTAL,2025,1659677,
IT1:22_289_DF_DCIS_POPRES1_1(1.0),ITC45,JAN,2,TOTAL,2026,1661404,e
IT1:22_289_DF_DCIS_POPRES1_1(1.0),ITC45,JAN,9,TOTAL,2019,3250077,
IT1:22_289_DF_DCIS_POPRES1_1(1.0),ITC45,JAN,9,TOTAL,2020,3265327,
IT1:22_289_DF_DCIS_POPRES1_1(1.0),ITC45,JAN,9,TOTAL,2021,3241813,
IT1:22_289_DF_DCIS_POPRES1_1(1.0),ITC45,JAN,9,TOTAL,2022,3214630,
IT1:22_289_DF_DCIS_POPRES1_1(1.0),ITC45,JAN,9,TOTAL,2023,3228006,
IT1:22_289_DF_DCIS_POPRES1_1(1.0),ITC45,JAN,9,TOTAL,2024,3245459,
IT1:22_289_DF_DCIS_POPRES1_1(1.0),ITC45,JAN,9,TOTAL,2025,3246455,
IT1:22_289_DF_DCIS_POPRES1_1(1.0),ITC45,JAN,9,TOTAL,2026,3253111,e
IT1:22_289_DF_DCIS_POPRES1_1(1.0),ITC46,JAN,1,TOTAL,2019,549430,
IT1:22_289_DF_DCIS_POPRES1_1(1.0),ITC46,JAN,1,TOTAL,2020,549853,
IT1:22_289_DF_DCIS_POPRES1_1(1.0),ITC46,JAN,1,TOTAL,2021,548139,
IT1:22_289_DF_DCIS_POPRES1_1(1.0),ITC46,JAN,1,TOTAL,2022,548284,
IT1:22_289_DF_DCIS_POPRES1_1(1.0),ITC46,JAN,1,TOTAL,2023,549975,
IT1:22_289_DF_DCIS_POPRES1_1(1.0),ITC46,JAN,1,TOTAL,2024,552702,
IT1:22_289_DF_DCIS_POPRES1_1(1.0),ITC46,JAN,1,TOTAL,2025,555613,
IT1:22_289_DF_DCIS_POPRES1_1(1.0),ITC46,JAN,1,TOTAL,2026,558868,e
IT1:22_289_DF_DCIS_POPRES1_1(1.0),ITC46,JAN,2,TOTAL,2019,557729,
IT1:22_289_DF_DCIS_POPRES1_1(1.0),ITC46,JAN,2,TOTAL,2020,558273,
IT1:22_289_DF_DCIS_POPRES1_1(1.0),ITC46,JAN,2,TOTAL,2021,555417,
IT1:22_289_DF_DCIS_POPRES1_1(1.0),ITC46,JAN,2,TOTAL,2022,554713,
IT1:22_289_DF_DCIS_POPRES1_1(1.0),ITC46,JAN,2,TOTAL,2023,556328,
IT1:22_289_DF_DCIS_POPRES1_1(1.0),ITC46,JAN,2,TOTAL,2024,557725,
IT1:22_289_DF_DCIS_POPRES1_1(1.0),ITC46,JAN,2,TOTAL,2025,559167,
IT1:22_289_DF_DCIS_POPRES1_1(1.0),ITC46,JAN,2,TOTAL,2026,560365,e
IT1:22_289_DF_DCIS_POPRES1_1(1.0),ITC46,JAN,9,TOTAL,2019,1107159,
IT1:22_289_DF_DCIS_POPRES1_1(1.0),ITC46,JAN,9,TOTAL,2020,1108126,
IT1:22_289_DF_DCIS_POPRES1_1(1.0),ITC46,JAN,9,TOTAL,2021,1103556,
IT1:22_289_DF_DCIS_POPRES1_1(1.0),ITC46,JAN,9,TOTAL,2022,1102997,
IT1:22_289_DF_DCIS_POPRES1_1(1.0),ITC46,JAN,9,TOTAL,2023,1106303,
IT1:22_289_DF_DCIS_POPRES1_1(1.0),ITC46,JAN,9,TOTAL,2024,1110427,
IT1:22_289_DF_DCIS_POPRES1_1(1.0),ITC46,JAN,9,TOTAL,2025,1114780,
IT1:22_289_DF_DCIS_POPRES1_1(1.0),ITC46,JAN,9,TOTAL,2026,1119233,e
IT1:22_289_DF_DCIS_POPRES1_1(1.0),ITC47,JAN,1,TOTAL,2019,618924,
IT1:22_289_DF_DCIS_POPRES1_1(1.0),ITC47,JAN,1,TOTAL,2020,619811,
IT1:22_289_DF_DCIS_POPRES1_1(1.0),ITC47,JAN,1,TOTAL,2021,621517,
IT1:22_289_DF_DCIS_POPRES1_1(1.0),ITC47,JAN,1,TOTAL,2022,620830,
IT1:22_289_DF_DCIS_POPRES1_1(1.0),ITC47,JAN,1,TOTAL,2023,623202,
IT1:22_289_DF_DCIS_POPRES1_1(1.0),ITC47,JAN,1,TOTAL,2024,625870,
IT1:22_289_DF_DCIS_POPRES1_1(1.0),ITC47,JAN,1,TOTAL,2025,629243,
IT1:22_289_DF_DCIS_POPRES1_1(1.0),ITC47,JAN,1,TOTAL,2026,633530,e
IT1:22_289_DF_DCIS_POPRES1_1(1.0),ITC47,JAN,2,TOTAL,2019,635495,
IT1:22_289_DF_DCIS_POPRES1_1(1.0),ITC47,JAN,2,TOTAL,2020,635626,
IT1:22_289_DF_DCIS_POPRES1_1(1.0),ITC47,JAN,2,TOTAL,2021,634192,
IT1:22_289_DF_DCIS_POPRES1_1(1.0),ITC47,JAN,2,TOTAL,2022,632327,
IT1:22_289_DF_DCIS_POPRES1_1(1.0),ITC47,JAN,2,TOTAL,2023,634124,
IT1:22_289_DF_DCIS_POPRES1_1(1.0),ITC47,JAN,2,TOTAL,2024,635085,
IT1:22_289_DF_DCIS_POPRES1_1(1.0),ITC47,JAN,2,TOTAL,2025,636641,
IT1:22_289_DF_DCIS_POPRES1_1(1.0),ITC47,JAN,2,TOTAL,2026,638229,e
IT1:22_289_DF_DCIS_POPRES1_1(1.0),ITC47,JAN,9,TOTAL,2019,1254419,
IT1:22_289_DF_DCIS_POPRES1_1(1.0),ITC47,JAN,9,TOTAL,2020,1255437,
IT1:22_289_DF_DCIS_POPRES1_1(1.0),ITC47,JAN,9,TOTAL,2021,1255709,
IT1:22_289_DF_DCIS_POPRES1_1(1.0),ITC47,JAN,9,TOTAL,2022,1253157,
IT1:22_289_DF_DCIS_POPRES1_1(1.0),ITC47,JAN,9,TOTAL,2023,1257326,
IT1:22_289_DF_DCIS_POPRES1_1(1.0),ITC47,JAN,9,TOTAL,2024,1260955,
IT1:22_289_DF_DCIS_POPRES1_1(1.0),ITC47,JAN,9,TOTAL,2025,1265884,
IT1:22_289_DF_DCIS_POPRES1_1(1.0),ITC47,JAN,9,TOTAL,2026,1271759,e
IT1:22_289_DF_DCIS_POPRES1_1(1.0),ITC48,JAN,1,TOTAL,2019,264859,
IT1:22_289_DF_DCIS_POPRES1_1(1.0),ITC48,JAN,1,TOTAL,2020,264325,
IT1:22_289_DF_DCIS_POPRES1_1(1.0),ITC48,JAN,1,TOTAL,2021,262271,
IT1:22_289_DF_DCIS_POPRES1_1(1.0),ITC48,JAN,1,TOTAL,2022,262099,
IT1:22_289_DF_DCIS_POPRES1_1(1.0),ITC48,JAN,1,TOTAL,2023,263200,
IT1:22_289_DF_DCIS_POPRES1_1(1.0),ITC48,JAN,1,TOTAL,2024,265015,
IT1:22_289_DF_DCIS_POPRES1_1(1.0),ITC48,JAN,1,TOTAL,2025,267179,
IT1:22_289_DF_DCIS_POPRES1_1(1.0),ITC48,JAN,1,TOTAL,2026,269759,e
IT1:22_289_DF_DCIS_POPRES1_1(1.0),ITC48,JAN,2,TOTAL,2019,276858,
IT1:22_289_DF_DCIS_POPRES1_1(1.0),ITC48,JAN,2,TOTAL,2020,276051,
IT1:22_289_DF_DCIS_POPRES1_1(1.0),ITC48,JAN,2,TOTAL,2021,273530,
IT1:22_289_DF_DCIS_POPRES1_1(1.0),ITC48,JAN,2,TOTAL,2022,272407,
IT1:22_289_DF_DCIS_POPRES1_1(1.0),ITC48,JAN,2,TOTAL,2023,273206,
IT1:22_289_DF_DCIS_POPRES1_1(1.0),ITC48,JAN,2,TOTAL,2024,273617,
IT1:22_289_DF_DCIS_POPRES1_1(1.0),ITC48,JAN,2,TOTAL,2025,274770,
IT1:22_289_DF_DCIS_POPRES1_1(1.0),ITC48,JAN,2,TOTAL,2026,276264,e
IT1:22_289_DF_DCIS_POPRES1_1(1.0),ITC48,JAN,9,TOTAL,2019,541717,
IT1:22_289_DF_DCIS_POPRES1_1(1.0),ITC48,JAN,9,TOTAL,2020,540376,
IT1:22_289_DF_DCIS_POPRES1_1(1.0),ITC48,JAN,9,TOTAL,2021,535801,
IT1:22_289_DF_DCIS_POPRES1_1(1.0),ITC48,JAN,9,TOTAL,2022,534506,
IT1:22_289_DF_DCIS_POPRES1_1(1.0),ITC48,JAN,9,TOTAL,2023,536406,
IT1:22_289_DF_DCIS_POPRES1_1(1.0),ITC48,JAN,9,TOTAL,2024,538632,
IT1:22_289_DF_DCIS_POPRES1_1(1.0),ITC48,JAN,9,TOTAL,2025,541949,
IT1:22_289_DF_DCIS_POPRES1_1(1.0),ITC48,JAN,9,TOTAL,2026,546023,e
IT1:22_289_DF_DCIS_POPRES1_1(1.0),ITC49,JAN,1,TOTAL,2019,112069,
IT1:22_289_DF_DCIS_POPRES1_1(1.0),ITC49,JAN,1,TOTAL,2020,112331,
IT1:22_289_DF_DCIS_POPRES1_1(1.0),ITC49,JAN,1,TOTAL,2021,112568,
IT1:22_289_DF_DCIS_POPRES1_1(1.0),ITC49,JAN,1,TOTAL,2022,112645,
IT1:22_289_DF_DCIS_POPRES1_1(1.0),ITC49,JAN,1,TOTAL,2023,113286,
IT1:22_289_DF_DCIS_POPRES1_1(1.0),ITC49,JAN,1,TOTAL,2024,114084,
IT1:22_289_DF_DCIS_POPRES1_1(1.0),ITC49,JAN,1,TOTAL,2025,114800,
IT1:22_289_DF_DCIS_POPRES1_1(1.0),ITC49,JAN,1,TOTAL,2026,115724,e
IT1:22_289_DF_DCIS_POPRES1_1(1.0),ITC49,JAN,2,TOTAL,2019,114880,
IT1:22_289_DF_DCIS_POPRES1_1(1.0),ITC49,JAN,2,TOTAL,2020,115081,
IT1:22_289_DF_DCIS_POPRES1_1(1.0),ITC49,JAN,2,TOTAL,2021,114775,
IT1:22_289_DF_DCIS_POPRES1_1(1.0),ITC49,JAN,2,TOTAL,2022,114682,
IT1:22_289_DF_DCIS_POPRES1_1(1.0),ITC49,JAN,2,TOTAL,2023,114850,
IT1:22_289_DF_DCIS_POPRES1_1(1.0),ITC49,JAN,2,TOTAL,2024,115389,
IT1:22_289_DF_DCIS_POPRES1_1(1.0),ITC49,JAN,2,TOTAL,2025,115450,
IT1:22_289_DF_DCIS_POPRES1_1(1.0),ITC49,JAN,2,TOTAL,2026,115757,e
IT1:22_289_DF_DCIS_POPRES1_1(1.0),ITC49,JAN,9,TOTAL,2019,226949,
IT1:22_289_DF_DCIS_POPRES1_1(1.0),ITC49,JAN,9,TOTAL,2020,227412,
IT1:22_289_DF_DCIS_POPRES1_1(1.0),ITC49,JAN,9,TOTAL,2021,227343,
IT1:22_289_DF_DCIS_POPRES1_1(1.0),ITC49,JAN,9,TOTAL,2022,227327,
IT1:22_289_DF_DCIS_POPRES1_1(1.0),ITC49,JAN,9,TOTAL,2023,228136,
IT1:22_289_DF_DCIS_POPRES1_1(1.0),ITC49,JAN,9,TOTAL,2024,229473,
IT1:22_289_DF_DCIS_POPRES1_1(1.0),ITC49,JAN,9,TOTAL,2025,230250,
IT1:22_289_DF_DCIS_POPRES1_1(1.0),ITC49,JAN,9,TOTAL,2026,231481,e
IT1:22_289_DF_DCIS_POPRES1_1(1.0),ITC4A,JAN,1,TOTAL,2019,175540,
IT1:22_289_DF_DCIS_POPRES1_1(1.0),ITC4A,JAN,1,TOTAL,2020,175602,
IT1:22_289_DF_DCIS_POPRES1_1(1.0),ITC4A,JAN,1,TOTAL,2021,173930,
IT1:22_289_DF_DCIS_POPRES1_1(1.0),ITC4A,JAN,1,TOTAL,2022,173826,
IT1:22_289_DF_DCIS_POPRES1_1(1.0),ITC4A,JAN,1,TOTAL,2023,174232,
IT1:22_289_DF_DCIS_POPRES1_1(1.0),ITC4A,JAN,1,TOTAL,2024,175015,
IT1:22_289_DF_DCIS_POPRES1_1(1.0),ITC4A,JAN,1,TOTAL,2025,175928,
IT1:22_289_DF_DCIS_POPRES1_1(1.0),ITC4A,JAN,1,TOTAL,2026,177050,e
IT1:22_289_DF_DCIS_POPRES1_1(1.0),ITC4A,JAN,2,TOTAL,2019,180610,
IT1:22_289_DF_DCIS_POPRES1_1(1.0),ITC4A,JAN,2,TOTAL,2020,180306,
IT1:22_289_DF_DCIS_POPRES1_1(1.0),ITC4A,JAN,2,TOTAL,2021,178312,
IT1:22_289_DF_DCIS_POPRES1_1(1.0),ITC4A,JAN,2,TOTAL,2022,177828,
IT1:22_289_DF_DCIS_POPRES1_1(1.0),ITC4A,JAN,2,TOTAL,2023,177957,
IT1:22_289_DF_DCIS_POPRES1_1(1.0),ITC4A,JAN,2,TOTAL,2024,177950,
IT1:22_289_DF_DCIS_POPRES1_1(1.0),ITC4A,JAN,2,TOTAL,2025,177995,
IT1:22_289_DF_DCIS_POPRES1_1(1.0),ITC4A,JAN,2,TOTAL,2026,178084,e
IT1:22_289_DF_DCIS_POPRES1_1(1.0),ITC4A,JAN,9,TOTAL,2019,356150,
IT1:22_289_DF_DCIS_POPRES1_1(1.0),ITC4A,JAN,9,TOTAL,2020,355908,
IT1:22_289_DF_DCIS_POPRES1_1(1.0),ITC4A,JAN,9,TOTAL,2021,352242,
IT1:22_289_DF_DCIS_POPRES1_1(1.0),ITC4A,JAN,9,TOTAL,2022,351654,
IT1:22_289_DF_DCIS_POPRES1_1(1.0),ITC4A,JAN,9,TOTAL,2023,352189,
IT1:22_289_DF_DCIS_POPRES1_1(1.0),ITC4A,JAN,9,TOTAL,2024,352965,
IT1:22_289_DF_DCIS_POPRES1_1(1.0),ITC4A,JAN,9,TOTAL,2025,353923,
IT1:22_289_DF_DCIS_POPRES1_1(1.0),ITC4A,JAN,9,TOTAL,2026,355134,e
IT1:22_289_DF_DCIS_POPRES1_1(1.0),ITC4B,JAN,1,TOTAL,2019,200525,
IT1:22_289_DF_DCIS_POPRES1_1(1.0),ITC4B,JAN,1,TOTAL,2020,200102,
IT1:22_289_DF_DCIS_POPRES1_1(1.0),ITC4B,JAN,1,TOTAL,2021,200269,
IT1:22_289_DF_DCIS_POPRES1_1(1.0),ITC4B,JAN,1,TOTAL,2022,199603,
IT1:22_289_DF_DCIS_POPRES1_1(1.0),ITC4B,JAN,1,TOTAL,2023,200727,
IT1:22_289_DF_DCIS_POPRES1_1(1.0),ITC4B,JAN,1,TOTAL,2024,201633,
IT1:22_289_DF_DCIS_POPRES1_1(1.0),ITC4B,JAN,1,TOTAL,2025,202415,
IT1:22_289_DF_DCIS_POPRES1_1(1.0),ITC4B,JAN,1,TOTAL,2026,203504,e
IT1:22_289_DF_DCIS_POPRES1_1(1.0),ITC4B,JAN,2,TOTAL,2019,207326,
IT1:22_289_DF_DCIS_POPRES1_1(1.0),ITC4B,JAN,2,TOTAL,2020,206817,
IT1:22_289_DF_DCIS_POPRES1_1(1.0),ITC4B,JAN,2,TOTAL,2021,205792,
IT1:22_289_DF_DCIS_POPRES1_1(1.0),ITC4B,JAN,2,TOTAL,2022,204873,
IT1:22_289_DF_DCIS_POPRES1_1(1.0),ITC4B,JAN,2,TOTAL,2023,205392,
IT1:22_289_DF_DCIS_POPRES1_1(1.0),ITC4B,JAN,2,TOTAL,2024,205369,
IT1:22_289_DF_DCIS_POPRES1_1(1.0),ITC4B,JAN,2,TOTAL,2025,205329,
IT1:22_289_DF_DCIS_POPRES1_1(1.0),ITC4B,JAN,2,TOTAL,2026,205211,e
IT1:22_289_DF_DCIS_POPRES1_1(1.0),ITC4B,JAN,9,TOTAL,2019,407851,
IT1:22_289_DF_DCIS_POPRES1_1(1.0),ITC4B,JAN,9,TOTAL,2020,406919,
IT1:22_289_DF_DCIS_POPRES1_1(1.0),ITC4B,JAN,9,TOTAL,2021,406061,
IT1:22_289_DF_DCIS_POPRES1_1(1.0),ITC4B,JAN,9,TOTAL,2022,404476,
IT1:22_289_DF_DCIS_POPRES1_1(1.0),ITC4B,JAN,9,TOTAL,2023,406119,
IT1:22_289_DF_DCIS_POPRES1_1(1.0),ITC4B,JAN,9,TOTAL,2024,407002,
IT1:22_289_DF_DCIS_POPRES1_1(1.0),ITC4B,JAN,9,TOTAL,2025,407744,
IT1:22_289_DF_DCIS_POPRES1_1(1.0),ITC4B,JAN,9,TOTAL,2026,408715,e
