DATAFLOW,FREQ,REF_AREA,DATA_TYPE,AGE,SEX,CITIZENSHIP,TIME_PERIOD,OBS_VALUE,OBS_STATUS,NOTE_DS,NOTE_REF_AREA,NOTE_DATA_TYPE,NOTE_AGE,NOTE_SEX,NOTE_CITIZENSHIP,NOTE_TIME_PERIOD,BASE_PER,UNIT_MEAS,UNIT_MULT
IT1:164_164_DF_DCIS_RICPOPRES2011_2(1.0),A,ITC41,ACQCITIZ,TOTAL,1,FRG,2018,1007,,,FILTER__ITC4,,,,,,,,
IT1:164_164_DF_DCIS_RICPOPRES2011_2(1.0),A,ITC41,ACQCITIZ,TOTAL,1,ITL,2018,1007,,,FILTER__ITC4,,,,,,,,
IT1:164_164_DF_DCIS_RICPOPRES2011_2(1.0),A,ITC41,ACQCITIZ,TOTAL,1,TOTAL,2018,0,,,FILTER__ITC4,,,,,,,,
IT1:164_164_DF_DCIS_RICPOPRES2011_2(1.0),A,ITC41,ACQCITIZ,TOTAL,2,FRG,2018,1247,,,FILTER__ITC4,,,,,,,,
IT1:164_164_DF_DCIS_RICPOPRES2011_2(1.0),A,ITC41,ACQCITIZ,TOTAL,2,ITL,2018,1247,,,FILTER__ITC4,,,,,,,,
IT1:164_164_DF_DCIS_RICPOPRES2011_2(1.0),A,ITC41,ACQCITIZ,TOTAL,2,TOTAL,2018,0,,,FILTER__ITC4,,,,,,,,
IT1:164_164_DF_DCIS_RICPOPRES2011_2(1.0),A,ITC41,ACQCITIZ,TOTAL,9,FRG,2018,2254,,,FILTER__ITC4,,,,,,,,
IT1:164_164_DF_DCIS_RICPOPRES2011_2(1.0),A,ITC41,ACQCITIZ,TOTAL,9,ITL,2018,2254,,,FILTER__ITC4,,,,,,,,
IT1:164_164_DF_DCIS_RICPOPRES2011_2(1.0),A,ITC41,ACQCITIZ,TOTAL,9,TOTAL,2018,0,,,FILTER__ITC4,,,,,,,,
IT1:164_164_DF_DCIS_RICPOPRES2011_2(1.0),A,ITC41,DEATH,TOTAL,1,FRG,2018,65,,,FILTER__ITC4,,,,,,,,
IT1:164_164_DF_DCIS_RICPOPRES2011_2(1.0),A,ITC41,DEATH,TOTAL,1,ITL,2018,4290,,,FILTER__ITC4,,,,,,,,
IT1:164_164_DF_DCIS_RICPOPRES2011_2(1.0),A,ITC41,DEATH,TOTAL,1,TOTAL,2018,4355,,,FILTER__ITC4,,,,,,,,
IT1:164_164_DF_DCIS_RICPOPRES2011_2(1.0),A,ITC41,DEATH,TOTAL,2,FRG,2018,61,,,FILTER__ITC4,,,,,,,,
IT1:164_164_DF_DCIS_RICPOPRES2011_2(1.0),A,ITC41,DEATH,TOTAL,2,ITL,2018,4814,,,FILTER__ITC4,,,,,,,,
IT1:164_164_DF_DCIS_RICPOPRES2011_2(1.0),A,ITC41,DEATH,TOTAL,2,TOTAL,2018,4875,,,FILTER__ITC4,,,,,,,,
IT1:164_164_DF_DCIS_RICPOPRES2011_2(1.0),A,ITC41,DEATH,TOTAL,9,FRG,2018,126,,,FILTER__ITC4,,,,,,,,
IT1:164_164_DF_DCIS_RICPOPRES2011_2(1.0),A,ITC41,DEATH,TOTAL,9,ITL,2018,9104,,,FILTER__ITC4,,,,,,,,
IT1:164_164_DF_DCIS_RICPOPRES2011_2(1.0),A,ITC41,DEATH,TOTAL,9,TOTAL,2018,9230,,,FILTER__ITC4,,,,,,,,
IT1:164_164_DF_DCIS_RICPOPRES2011_2(1.0),A,ITC41,DEC,TOTAL,1,FRG,2018,34090,,,FILTER__ITC4,TIPO_DATO15__DEC_N2,,,,,,,
IT1:164_164_DF_DCIS_RICPOPRES2011_2(1.0),A,ITC41,DEC,TOTAL,1,ITL,2018,397097,,,FILTER__ITC4,TIPO_DATO15__DEC_N2,,,,,,,
IT1:164_164_DF_DCIS_RICPOPRES2011_2(1.0),A,ITC41,DEC,TOTAL,1,TOTAL,2018,431187,,,FILTER__ITC4,TIPO_DATO15__DEC_N2,,,,,,,
IT1:164_164_DF_DCIS_RICPOPRES2011_2(1.0),A,ITC41,DEC,TOTAL,2,FRG,2018,39709,,,FILTER__ITC4,TIPO_DATO15__DEC_N2,,,,,,,
IT1:164_164_DF_DCIS_RICPOPRES2011_2(1.0),A,ITC41,DEC,TOTAL,2,ITL,2018,414189,,,FILTER__ITC4,TIPO_DATO15__DEC_N2,,,,,,,
IT1:164_164_DF_DCIS_RICPOPRES2011_2(1.0),A,ITC41,DEC,TOTAL,2,TOTAL,2018,453898,,,FILTER__ITC4,TIPO_DATO15__DEC_N2,,,,,,,
IT1:164_164_DF_DCIS_RICPOPRES2011_2(1.0),A,ITC41,DEC,TOTAL,9,FRG,2018,73799,,,FILTER__ITC4,TIPO_DATO15__DEC_N2,,,,,,,
IT1:164_164_DF_DCIS_RICPOPRES2011_2(1.0),A,ITC41,DEC,TOTAL,9,ITL,2018,811286,,,FILTER__ITC4,TIPO_DATO15__DEC_N2,,,,,,,
IT1:164_164_DF_DCIS_RICPOPRES2011_2(1.0),A,ITC41,DEC,TOTAL,9,TOTAL,2018,885085,,,FILTER__ITC4,TIPO_DATO15__DEC_N2,,,,,,,
IT1:164_164_DF_DCIS_RICPOPRES2011_2(1.0),A,ITC41,DEREGM,TOTAL,1,FRG,2018,2848,,,FILTER__ITC4,,,,,,,,
IT1:164_164_DF_DCIS_RICPOPRES2011_2(1.0),A,ITC41,DEREGM,TOTAL,1,ITL,2018,12878,,,FILTER__ITC4,,,,,,,,
IT1:164_164_DF_DCIS_RICPOPRES2011_2(1.0),A,ITC41,DEREGM,TOTAL,1,TOTAL,2018,15726,,,FILTER__ITC4,,,,,,,,
IT1:164_164_DF_DCIS_RICPOPRES2011_2(1.0),A,ITC41,DEREGM,TOTAL,2,FRG,2018,2973,,,FILTER__ITC4,,,,,,,,
IT1:164_164_DF_DCIS_RICPOPRES2011_2(1.0),A,ITC41,DEREGM,TOTAL,2,ITL,2018,12295,,,FILTER__ITC4,,,,,,,,
IT1:164_164_DF_DCIS_RICPOPRES2011_2(1.0),A,ITC41,DEREGM,TOTAL,2,TOTAL,2018,15268,,,FILTER__ITC4,,,,,,,,
IT1:164_164_DF_DCIS_RICPOPRES2011_2(1.0),A,ITC41,DEREGM,TOTAL,9,FRG,2018,5821,,,FILTER__ITC4,,,,,,,,
IT1:164_164_DF_DCIS_RICPOPRES2011_2(1.0),A,ITC41,DEREGM,TOTAL,9,ITL,2018,25173,,,FILTER__ITC4,,,,,,,,
IT1:164_164_DF_DCIS_RICPOPRES2011_2(1.0),A,ITC41,DEREGM,TOTAL,9,TOTAL,2018,30994,,,FILTER__ITC4,,,,,,,,
IT1:164_164_DF_DCIS_RICPOPRES2011_2(1.0),A,ITC41,DEREGOTHC,TOTAL,1,FRG,2018,922,,,FILTER__ITC4,,,,,,,,
IT1:164_164_DF_DCIS_RICPOPRES2011_2(1.0),A,ITC41,DEREGOTHC,TOTAL,1,ITL,2018,1503,,,FILTER__ITC4,,,,,,,,
IT1:164_164_DF_DCIS_RICPOPRES2011_2(1.0),A,ITC41,DEREGOTHC,TOTAL,1,TOTAL,2018,2425,,,FILTER__ITC4,,,,,,,,
IT1:164_164_DF_DCIS_RICPOPRES2011_2(1.0),A,ITC41,DEREGOTHC,TOTAL,2,FRG,2018,1019,,,FILTER__ITC4,,,,,,,,
IT1:164_164_DF_DCIS_RICPOPRES2011_2(1.0),A,ITC41,DEREGOTHC,TOTAL,2,ITL,2018,1322,,,FILTER__ITC4,,,,,,,,
IT1:164_164_DF_DCIS_RICPOPRES2011_2(1.0),A,ITC41,DEREGOTHC,TOTAL,2,TOTAL,2018,2341,,,FILTER__ITC4,,,,,,,,
IT1:164_164_DF_DCIS_RICPOPRES2011_2(1.0),A,ITC41,DEREGOTHC,TOTAL,9,FRG,2018,1941,,,FILTER__ITC4,,,,,,,,
IT1:164_164_DF_DCIS_RICPOPRES2011_2(1.0),A,ITC41,DEREGOTHC,TOTAL,9,ITL,2018,2825,,,FILTER__ITC4,,,,,,,,
IT1:164_164_DF_DCIS_RICPOPRES2011_2(1.0),A,ITC41,DEREGOTHC,TOTAL,9,TOTAL,2018,4766,,,FILTER__ITC4,,,,,,,,
IT1:164_164_DF_DCIS_RICPOPRES2011_2(1.0),A,ITC41,JAN,TOTAL,1,FRG,2018,33482,,,FILTER__ITC4,TIPO_DATO15__JAN_N2,,,,,,,
IT1:164_164_DF_DCIS_RICPOPRES2011_2(1.0),A,ITC41,JAN,TOTAL,1,FRG,2019,34090,,,FILTER__ITC4,TIPO_DATO15__JAN_N2,,,,,,,
IT1:164_164_DF_DCIS_RICPOPRES2011_2(1.0),A,ITC41,JAN,TOTAL,1,ITL,2018,397294,,,FILTER__ITC4,TIPO_DATO15__JAN_N2,,,,,,,
IT1:164_164_DF_DCIS_RICPOPRES2011_2(1.0),A,ITC41,JAN,TOTAL,1,ITL,2019,397097,,,FILTER__ITC4,TIPO_DATO15__JAN_N2,,,,,,,
IT1:164_164_DF_DCIS_RICPOPRES2011_2(1.0),A,ITC41,JAN,TOTAL,1,TOTAL,2018,430776,,,FILTER__ITC4,TIPO_DATO15__JAN_N2,,,,,,,
IT1:164_164_DF_DCIS_RICPOPRES2011_2(1.0),A,ITC41,JAN,TOTAL,1,TOTAL,2019,431187,,,FILTER__ITC4,TIPO_DATO15__JAN_N2,,,,,,,
IT1:164_164_DF_DCIS_RICPOPRES2011_2(1.0),A,ITC41,JAN,TOTAL,2,FRG,2018,39249,,,FILTER__ITC4,TIPO_DATO15__JAN_N2,,,,,,,
IT1:164_164_DF_DCIS_RICPOPRES2011_2(1.0),A,ITC41,JAN,TOTAL,2,FRG,2019,39709,,,FILTER__ITC4,TIPO_DATO15__JAN_N2,,,,,,,
IT1:164_164_DF_DCIS_RICPOPRES2011_2(1.0),A,ITC41,JAN,TOTAL,2,ITL,2018,414894,,,FILTER__ITC4,TIPO_DATO15__JAN_N2,,,,,,,
IT1:164_164_DF_DCIS_RICPOPRES2011_2(1.0),A,ITC41,JAN,TOTAL,2,ITL,2019,414189,,,FILTER__ITC4,TIPO_DATO15__JAN_N2,,,,,,,
IT1:164_164_DF_DCIS_RICPOPRES2011_2(1.0),A,ITC41,JAN,TOTAL,2,TOTAL,2018,454143,,,FILTER__ITC4,TIPO_DATO15__JAN_N2,,,,,,,
IT1:164_164_DF_DCIS_RICPOPRES2011_2(1.0),A,ITC41,JAN,TOTAL,2,TOTAL,2019,453898,,,FILTER__ITC4,TIPO_DATO15__JAN_N2,,,,,,,
IT1:164_164_DF_DCIS_RICPOPRES2011_2(1.0),A,ITC41,JAN,TOTAL,9,FRG,2018,72731,,,FILTER__ITC4,TIPO_DATO15__JAN_N2,,,,,,,
IT1:164_164_DF_DCIS_RICPOPRES2011_2(1.0),A,ITC41,JAN,TOTAL,9,FRG,2019,73799,,,FILTER__ITC4,TIPO_DATO15__JAN_N2,,,,,,,
IT1:164_164_DF_DCIS_RICPOPRES2011_2(1.0),A,ITC41,JAN,TOTAL,9,ITL,2018,812188,,,FILTER__ITC4,TIPO_DATO15__JAN_N2,,,,,,,
IT1:164_164_DF_DCIS_RICPOPRES2011_2(1.0),A,ITC41,JAN,TOTAL,9,ITL,2019,811286,,,FILTER__ITC4,TIPO_DATO15__JAN_N2,,,,,,,
IT1:164_164_DF_DCIS_RICPOPRES2011_2(1.0),A,ITC41,JAN,TOTAL,9,TOTAL,2018,884919,,,FILTER__ITC4,TIPO_DATO15__JAN_N2,,,,,,,
IT1:164_164_DF_DCIS_RICPOPRES2011_2(1.0),A,ITC41,JAN,TOTAL,9,TOTAL,2019,885085,,,FILTER__ITC4,TIPO_DATO15__JAN_N2,,,,,,,
IT1:164_164_DF_DCIS_RICPOPRES2011_2(1.0),A,ITC41,LBIRTH,TOTAL,1,FRG,2018,482,,,FILTER__ITC4,,,,,,,,
IT1:164_164_DF_DCIS_RICPOPRES2011_2(1.0),A,ITC41,LBIRTH,TOTAL,1,ITL,2018,2843,,,FILTER__ITC4,,,,,,,,
IT1:164_164_DF_DCIS_RICPOPRES2011_2(1.0),A,ITC41,LBIRTH,TOTAL,1,TOTAL,2018,3325,,,FILTER__ITC4,,,,,,,,
IT1:164_164_DF_DCIS_RICPOPRES2011_2(1.0),A,ITC41,LBIRTH,TOTAL,2,FRG,2018,480,,,FILTER__ITC4,,,,,,,,
IT1:164_164_DF_DCIS_RICPOPRES2011_2(1.0),A,ITC41,LBIRTH,TOTAL,2,ITL,2018,2719,,,FILTER__ITC4,,,,,,,,
IT1:164_164_DF_DCIS_RICPOPRES2011_2(1.0),A,ITC41,LBIRTH,TOTAL,2,TOTAL,2018,3199,,,FILTER__ITC4,,,,,,,,
IT1:164_164_DF_DCIS_RICPOPRES2011_2(1.0),A,ITC41,LBIRTH,TOTAL,9,FRG,2018,962,,,FILTER__ITC4,,,,,,,,
IT1:164_164_DF_DCIS_RICPOPRES2011_2(1.0),A,ITC41,LBIRTH,TOTAL,9,ITL,2018,5562,,,FILTER__ITC4,,,,,,,,
IT1:164_164_DF_DCIS_RICPOPRES2011_2(1.0),A,ITC41,LBIRTH,TOTAL,9,TOTAL,2018,6524,,,FILTER__ITC4,,,,,,,,
IT1:164_164_DF_DCIS_RICPOPRES2011_2(1.0),A,ITC41,REGM,TOTAL,1,FRG,2018,2900,,,FILTER__ITC4,,,,,,,,
IT1:164_164_DF_DCIS_RICPOPRES2011_2(1.0),A,ITC41,REGM,TOTAL,1,ITL,2018,13884,,,FILTER__ITC4,,,,,,,,
IT1:164_164_DF_DCIS_RICPOPRES2011_2(1.0),A,ITC41,REGM,TOTAL,1,TOTAL,2018,16784,,,FILTER__ITC4,,,,,,,,
IT1:164_164_DF_DCIS_RICPOPRES2011_2(1.0),A,ITC41,REGM,TOTAL,2,FRG,2018,3337,,,FILTER__ITC4,,,,,,,,
IT1:164_164_DF_DCIS_RICPOPRES2011_2(1.0),A,ITC41,REGM,TOTAL,2,ITL,2018,13242,,,FILTER__ITC4,,,,,,,,
IT1:164_164_DF_DCIS_RICPOPRES2011_2(1.0),A,ITC41,REGM,TOTAL,2,TOTAL,2018,16579,,,FILTER__ITC4,,,,,,,,
IT1:164_164_DF_DCIS_RICPOPRES2011_2(1.0),A,ITC41,REGM,TOTAL,9,FRG,2018,6237,,,FILTER__ITC4,,,,,,,,
IT1:164_164_DF_DCIS_RICPOPRES2011_2(1.0),A,ITC41,REGM,TOTAL,9,ITL,2018,27126,,,FILTER__ITC4,,,,,,,,
IT1:164_164_DF_DCIS_RICPOPRES2011_2(1.0),A,ITC41,REGM,TOTAL,9,TOTAL,2018,33363,,,FILTER__ITC4,,,,,,,,
IT1:164_164_DF_DCIS_RICPOPRES2011_2(1.0),A,ITC41,REGOTHC,TOTAL,1,FRG,2018,2068,,,FILTER__ITC4,,,,,,,,
IT1:164_164_DF_DCIS_RICPOPRES2011_2(1.0),A,ITC41,REGOTHC,TOTAL,1,ITL,2018,740,,,FILTER__ITC4,,,,,,,,
IT1:164_164_DF_DCIS_RICPOPRES2011_2(1.0),A,ITC41,REGOTHC,TOTAL,1,TOTAL,2018,2808,,,FILTER__ITC4,,,,,,,,
IT1:164_164_DF_DCIS_RICPOPRES2011_2(1.0),A,ITC41,REGOTHC,TOTAL,2,FRG,2018,1943,,,FILTER__ITC4,,,,,,,,
IT1:164_164_DF_DCIS_RICPOPRES2011_2(1.0),A,ITC41,REGOTHC,TOTAL,2,ITL,2018,518,,,FILTER__ITC4,,,,,,,,
IT1:164_164_DF_DCIS_RICPOPRES2011_2(1.0),A,ITC41,REGOTHC,TOTAL,2,TOTAL,2018,2461,,,FILTER__ITC4,,,,,,,,
IT1:164_164_DF_DCIS_RICPOPRES2011_2(1.0),A,ITC41,REGOTHC,TOTAL,9,FRG,2018,4011,,,FILTER__ITC4,,,,,,,,
IT1:164_164_DF_DCIS_RICPOPRES2011_2(1.0),A,ITC41,REGOTHC,TOTAL,9,ITL,2018,1258,,,FILTER__ITC4,,,,,,,,
IT1:164_164_DF_DCIS_RICPOPRES2011_2(1.0),A,ITC41,REGOTHC,TOTAL,9,TOTAL,2018,5269,,,FILTER__ITC4,,,,,,,,
