DATAFLOW,FREQ,REF_AREA,DATA_TYPE,SEX,AGE,MARITAL_STATUS,TIME_PERIOD,OBS_VALUE,OBS_STATUS,NOTE_DS,NOTE_REF_AREA,NOTE_DATA_TYPE,NOTE_SEX,NOTE_AGE,NOTE_MARITAL_STATUS,BASE_PER,UNIT_MEAS,UNIT_MULT
IT1:22_289_DF_DCIS_POPRES1_1(1.0),A,IT,JAN,1,TOTAL,99,2019,29131195,,,,,,,,,,
IT1:22_289_DF_DCIS_POPRES1_1(1.0),A,IT,JAN,1,TOTAL,99,2020,29050096,,,,,,,,,,
IT1:22_289_DF_DCIS_POPRES1_1(1.0),A,IT,JAN,1,TOTAL,99,2021,28866226,,,,,,,,,,
IT1:22_289_DF_DCIS_POPRES1_1(1.0),A,IT,JAN,1,TOTAL,99,2022,28818956,,,,,,,,,,
IT1:22_289_DF_DCIS_POPRES1_1(1.0),A,IT,JAN,1,TOTAL,99,2023,28814832,,,,,,,,,,
IT1:22_289_DF_DCIS_POPRES1_1(1.0),A,IT,JAN,1,TOTAL,99,2024,28846728,,,,,,,,,,
IT1:22_289_DF_DCIS_POPRES1_1(1.0),A,IT,JAN,1,TOTAL,99,2025,28871717,,,,,,,,,,
IT1:22_289_DF_DCIS_POPRES1_1(1.0),A,IT,JAN,1,TOTAL,99,2026,28920635,e,,,,,,,,,
IT1:22_289_DF_DCIS_POPRES1_1(1.0),A,IT,JAN,2,TOTAL,99,2019,30685478,,,,,,,,,,
IT1:22_289_DF_DCIS_POPRES1_1(1.0),A,IT,JAN,2,TOTAL,99,2020,30591392,,,,,,,,,,
IT1:22_289_DF_DCIS_POPRES1_1(1.0),A,IT,JAN,2,TOTAL,99,2021,30369987,,,,,,,,,,
IT1:22_289_DF_DCIS_POPRES1_1(1.0),A,IT,JAN,2,TOTAL,99,2022,30211177,,,,,,,,,,
IT1:22_289_DF_DCIS_POPRES1_1(1.0),A,IT,JAN,2,TOTAL,99,2023,30182369,,,,,,,,,,
IT1:22_289_DF_DCIS_POPRES1_1(1.0),A,IT,JAN,2,TOTAL,99,2024,30124502,,,,,,,,,,
IT1:22_289_DF_DCIS_POPRES1_1(1.0),A,IT,JAN,2,TOTAL,99,2025,30071747,,,,,,,,,,
IT1:22_289_DF_DCIS_POPRES1_1(1.0),A,IT,JAN,2,TOTAL,99,2026,30022193,e,,,,,,,,,
IT1:22_289_DF_DCIS_POPRES1_1(1.0),A,IT,JAN,9,TOTAL,99,2019,59816673,,,,,,,,,,
IT1:22_289_DF_DCIS_POPRES1_1(1.0),A,IT,JAN,9,TOTAL,99,2020,59641488,,,,,,,,,,
IT1:22_289_DF_DCIS_POPRES1_1(1.0),A,IT,JAN,9,TOTAL,99,2021,59236213,,,,,,,,,,
IT1:22_289_DF_DCIS_POPRES1_1(1.0),A,IT,JAN,9,TOTAL,99,2022,59030133,,,,,,,,,,
IT1:22_289_DF_DCIS_POPRES1_1(1.0),A,IT,JAN,9,TOTAL,99,2023,58997201,,,,,,,,,,
IT1:22_289_DF_DCIS_POPRES1_1(1.0),A,IT,JAN,9,TOTAL,99,2024,58971230,,,,,,,,,,
IT1:22_289_DF_DCIS_POPRES1_1(1.0),A,IT,JAN,9,TOTAL,99,2025,58943464,,,,,,,,,,
IT1:22_289_DF_DCIS_POPRES1_1(1.0),A,IT,JAN,9,TOTAL,99,2026,58942828,e,,,,,,,,,
IT1:22_289_DF_DCIS_POPRES1_1(1.0),A,IT108,JAN,1,TOTAL,99,2019,425094,,,FILTER__ITC4,,,,,,,
IT1:22_289_DF_DCIS_POPRES1_1(1.0),A,IT108,JAN,1,TOTAL,99,2020,426302,,,FILTER__ITC4,,,,,,,
IT1:22_289_DF_DCIS_POPRES1_1(1.0),A,IT108,JAN,1,TOTAL,99,2021,426508,,,FILTER__ITC4,,,,,,,
IT1:22_289_DF_DCIS_POPRES1_1(1.0),A,IT108,JAN,1,TOTAL,99,2022,426813,,,FILTER__ITC4,,,,,,,
IT1:22_289_DF_DCIS_POPRES1_1(1.0),A,IT108,JAN,1,TOTAL,99,2023,428408,,,FILTER__ITC4,,,,,,,
IT1:22_289_DF_DCIS_POPRES1_1(1.0),A,IT108,JAN,1,TOTAL,99,2024,430246,,,FILTER__ITC4,,,,,,,
IT1:22_289_DF_DCIS_POPRES1_1(1.0),A,IT108,JAN,1,TOTAL,99,2025,431954,,,FILTER__ITC4,,,,,,,
IT1:22_289_DF_DCIS_POPRES1_1(1.0),A,IT108,JAN,1,TOTAL,99,2026,434432,e,,FILTER__ITC4,,,,,,,
IT1:22_289_DF_DCIS_POPRES1_1(1.0),A,IT108,JAN,2,TOTAL,99,2019,442291,,,FILTER__ITC4,,,,,,,
IT1:22_289_DF_DCIS_POPRES1_1(1.0),A,IT108,JAN,2,TOTAL,99,2020,443891,,,FILTER__ITC4,,,,,,,
IT1:22_289_DF_DCIS_POPRES1_1(1.0),A,IT108,JAN,2,TOTAL,99,2021,443605,,,FILTER__ITC4,,,,,,,
IT1:22_289_DF_DCIS_POPRES1_1(1.0),A,IT108,JAN,2,TOTAL,99,2022,443594,,,FILTER__ITC4,,,,,,,
IT1:22_289_DF_DCIS_POPRES1_1(1.0),A,IT108,JAN,2,TOTAL,99,2023,445198,,,FILTER__ITC4,,,,,,,
IT1:22_289_DF_DCIS_POPRES1_1(1.0),A,IT108,JAN,2,TOTAL,99,2024,446546,,,FILTER__ITC4,,,,,,,
IT1:22_289_DF_DCIS_POPRES1_1(1.0),A,IT108,JAN,2,TOTAL,99,2025,447349,,,FILTER__ITC4,,,,,,,
IT1:22_289_DF_DCIS_POPRES1_1(1.0),A,IT108,JAN,2,TOTAL,99,2026,448964,e,,FILTER__ITC4,,,,,,,
IT1:22_289_DF_DCIS_POPRES1_1(1.0),A,IT108,JAN,9,TOTAL,99,2019,867385,,,FILTER__ITC4,,,,,,,
IT1:22_289_DF_DCIS_POPRES1_1(1.0),A,IT108,JAN,9,TOTAL,99,2020,870193,,,FILTER__ITC4,,,,,,,
IT1:22_289_DF_DCIS_POPRES1_1(1.0),A,IT108,JAN,9,TOTAL,99,2021,870113,,,FILTER__ITC4,,,,,,,
IT1:22_289_DF_DCIS_POPRES1_1(1.0),A,IT108,JAN,9,TOTAL,99,2022,870407,,,FILTER__ITC4,,,,,,,
IT1:22_289_DF_DCIS_POPRES1_1(1.0),A,IT108,JAN,9,TOTAL,99,2023,873606,,,FILTER__ITC4,,,,,,,
IT1:22_289_DF_DCIS_POPRES1_1(1.0),A,IT108,JAN,9,TOTAL,99,2024,876792,,,FILTER__ITC4,,,,,,,
IT1:22_289_DF_DCIS_POPRES1_1(1.0),A,IT108,JAN,9,TOTAL,99,2025,879303,,,FILTER__ITC4,,,,,,,
IT1:22_289_DF_DCIS_POPRES1_1(1.0),A,IT108,JAN,9,TOTAL,99,2026,883396,e,,FILTER__ITC4,,,,,,,
IT1:22_289_DF_DCIS_POPRES1_1(1.0),A,ITC4,JAN,1,TOTAL,99,2019,4902201,,,FILTER__ITC4,,,,,,,
IT1:22_289_DF_DCIS_POPRES1_1(1.0),A,ITC4,JAN,1,TOTAL,99,2020,4912375,,,FILTER__ITC4,,,,,,,
IT1:22_289_DF_DCIS_POPRES1_1(1.0),A,ITC4,JAN,1,TOTAL,99,2021,4895446,,,FILTER__ITC4,,,,,,,
IT1:22_289_DF_DCIS_POPRES1_1(1.0),A,ITC4,JAN,1,TOTAL,99,2022,4881528,,,FILTER__ITC4,,,,,,,
IT1:22_289_DF_DCIS_POPRES1_1(1.0),A,ITC4,JAN,1,TOTAL,99,2023,4900520,,,FILTER__ITC4,,,,,,,
IT1:22_289_DF_DCIS_POPRES1_1(1.0),A,ITC4,JAN,1,TOTAL,99,2024,4927003,,,FILTER__ITC4,,,,,,,
IT1:22_289_DF_DCIS_POPRES1_1(1.0),A,ITC4,JAN,1,TOTAL,99,2025,4944359,,,FILTER__ITC4,,,,,,,
IT1:22_289_DF_DCIS_POPRES1_1(1.0),A,ITC4,JAN,1,TOTAL,99,2026,4967927,e,,FILTER__ITC4,,,,,,,
IT1:22_289_DF_DCIS_POPRES1_1(1.0),A,ITC4,JAN,2,TOTAL,99,2019,5108632,,,FILTER__ITC4,,,,,,,
IT1:22_289_DF_DCIS_POPRES1_1(1.0),A,ITC4,JAN,2,TOTAL,99,2020,5115227,,,FILTER__ITC4,,,,,,,
IT1:22_289_DF_DCIS_POPRES1_1(1.0),A,ITC4,JAN,2,TOTAL,99,2021,5086108,,,FILTER__ITC4,,,,,,,
IT1:22_289_DF_DCIS_POPRES1_1(1.0),A,ITC4,JAN,2,TOTAL,99,2022,5061476,,,FILTER__ITC4,,,,,,,
IT1:22_289_DF_DCIS_POPRES1_1(1.0),A,ITC4,JAN,2,TOTAL,99,2023,5075989,,,FILTER__ITC4,,,,,,,
IT1:22_289_DF_DCIS_POPRES1_1(1.0),A,ITC4,JAN,2,TOTAL,99,2024,5085051,,,FILTER__ITC4,,,,,,,
IT1:22_289_DF_DCIS_POPRES1_1(1.0),A,ITC4,JAN,2,TOTAL,99,2025,5089559,,,FILTER__ITC4,,,,,,,
IT1:22_289_DF_DCIS_POPRES1_1(1.0),A,ITC4,JAN,2,TOTAL,99,2026,5097767,e,,FILTER__ITC4,,,,,,,
IT1:22_289_DF_DCIS_POPRES1_1(1.0),A,ITC4,JAN,9,TOTAL,99,2019,10010833,,,FILTER__ITC4,,,,,,,
IT1:22_289_DF_DCIS_POPRES1_1(1.0),A,ITC4,JAN,9,TOTAL,99,2020,10027602,,,FILTER__ITC4,,,,,,,
IT1:22_289_DF_DCIS_POPRES1_1(1.0),A,ITC4,JAN,9,TOTAL,99,2021,9981554,,,FILTER__ITC4,,,,,,,
IT1:22_289_DF_DCIS_POPRES1_1(1.0),A,ITC4,JAN,9,TOTAL,99,2022,9943004,,,FILTER__ITC4,,,,,,,
IT1:22_289_DF_DCIS_POPRES1_1(1.0),A,ITC4,JAN,9,TOTAL,99,2023,9976509,,,FILTER__ITC4,,,,,,,
IT1:22_289_DF_DCIS_POPRES1_1(1.0),A,ITC4,JAN,9,TOTAL,99,2024,10012054,,,FILTER__ITC4,,,,,,,
IT1:22_289_DF_DCIS_POPRES1_1(1.0),A,ITC4,JAN,9,TOTAL,99,2025,10033918,,,FILTER__ITC4,,,,,,,
IT1:22_289_DF_DCIS_POPRES1_1(1.0),A,ITC4,JAN,9,TOTAL,99,2026,10065694,e,,FILTER__ITC4,,,,,,,
IT1:22_289_DF_DCIS_POPRES1_1(1.0),A,ITC41,JAN,1,TOTAL,99,2019,431187,,,FILTER__ITC4,,,,,,,
IT1:22_289_DF_DCIS_POPRES1_1(1.0),A,ITC41,JAN,1,TOTAL,99,2020,430971,,,FILTER__ITC4,,,,,,,
IT1:22_289_DF_DCIS_POPRES1_1(1.0),A,ITC41,JAN,1,TOTAL,99,2021,428879,,,FILTER__ITC4,,,,,,,
IT1:22_289_DF_DCIS_POPRES1_1(1.0),A,ITC41,JAN,1,TOTAL,99,2022,427977,,,FILTER__ITC4,,,,,,,
IT1:22_289_DF_DCIS_POPRES1_1(1.0),A,ITC41,JAN,1,TOTAL,99,2023,428937,,,FILTER__ITC4,,,,,,,
IT1:22_289_DF_DCIS_POPRES1_1(1.0),A,ITC41,JAN,1,TOTAL,99,2024,429762,,,FILTER__ITC4,,,,,,,
IT1:22_289_DF_DCIS_POPRES1_1(1.0),A,ITC41,JAN,1,TOTAL,99,2025,431575,,,FILTER__ITC4,,,,,,,
IT1:22_289_DF_DCIS_POPRES1_1(1.0),A,ITC41,JAN,1,TOTAL,99,2026,433210,e,,FILTER__ITC4,,,,,,,
IT1:22_289_DF_DCIS_POPRES1_1(1.0),A,ITC41,JAN,2,TOTAL,99,2019,453898,,,FILTER__ITC4,,,,,,,
IT1:22_289_DF_DCIS_POPRES1_1(1.0),A,ITC41,JAN,2,TOTAL,99,2020,453905,,,FILTER__ITC4,,,,,,,
IT1:22_289_DF_DCIS_POPRES1_1(1.0),A,ITC41,JAN,2,TOTAL,99,2021,451214,,,FILTER__ITC4,,,,,,,
IT1:22_289_DF_DCIS_POPRES1_1(1.0),A,ITC41,JAN,2,TOTAL,99,2022,449691,,,FILTER__ITC4,,,,,,,
IT1:22_289_DF_DCIS_POPRES1_1(1.0),A,ITC41,JAN,2,TOTAL,99,2023,450794,,,FILTER__ITC4,,,,,,,
IT1:22_289_DF_DCIS_POPRES1_1(1.0),A,ITC41,JAN,2,TOTAL,99,2024,450495,,,FILTER__ITC4,,,,,,,
IT1:22_289_DF_DCIS_POPRES1_1(1.0),A,ITC41,JAN,2,TOTAL,99,2025,451017,,,FILTER__ITC4,,,,,,,
IT1:22_289_DF_DCIS_POPRES1_1(1.0),A,ITC41,JAN,2,TOTAL,99,2026,451591,e,,FILTER__ITC4,,,,,,,
IT1:22_289_DF_DCIS_POPRES1_1(1.0),A,ITC41,JAN,9,TOTAL,99,2019,885085,,,FILTER__ITC4,,,,,,,
IT1:22_289_DF_DCIS_POPRES1_1(1.0),A,ITC41,JAN,9,TOTAL,99,2020,884876,,,FILTER__ITC4,,,,,,,
IT1:22_289_DF_DCIS_POPRES1_1(1.0),A,ITC41,JAN,9,TOTAL,99,2021,880093,,,FILTER__ITC4,,,,,,,
IT1:22_289_DF_DCIS_POPRES1_1(1.0),A,ITC41,JAN,9,TOTAL,99,2022,877668,,,FILTER__ITC4,,,,,,,
IT1:22_289_DF_DCIS_POPRES1_1(1.0),A,ITC41,JAN,9,TOTAL,99,2023,879731,,,FILTER__ITC4,,,,,,,
IT1:22_289_DF_DCIS_POPRES1_1(1.0),A,ITC41,JAN,9,TOTAL,99,2024,880257,,,FILTER__ITC4,,,,,,,
IT1:22_289_DF_DCIS_POPRES1_1(1.0),A,ITC41,JAN,9,TOTAL,99,2025,882592,,,FILTER__ITC4,,,,,,,
IT1:22_289_DF_DCIS_POPRES1_1(1.0),A,ITC41,JAN,9,TOTAL,99,2026,884801,e,,FILTER__ITC4,,,,,,,
IT1:22_289_DF_DCIS_POPRES1_1(1.0),A,ITC42,JAN,1,TOTAL,99,2019,293627,,,FILTER__ITC4,,,,,,,
IT1:22_289_DF_DCIS_POPRES1_1(1.0),A,ITC42,JAN,1,TOTAL,99,2020,293740,,,FILTER__ITC4,,,,,,,
IT1:22_289_DF_DCIS_POPRES1_1(1.0),A,ITC42,JAN,1,TOTAL,99,2021,293322,,,FILTER__ITC4,,,,,,,
IT1:22_289_DF_DCIS_POPRES1_1(1.0),A,ITC42,JAN,1,TOTAL,99,2022,292781,,,FILTER__ITC4,,,,,,,
IT1:22_289_DF_DCIS_POPRES1_1(1.0),A,ITC42,JAN,1,TOTAL,99,2023,293870,,,FILTER__ITC4,,,,,,,
IT1:22_289_DF_DCIS_POPRES1_1(1.0),A,ITC42,JAN,1,TOTAL,99,2024,294649,,,FILTER__ITC4,,,,,,,
IT1:22_289_DF_DCIS_POPRES1_1(1.0),A,ITC42,JAN,1,TOTAL,99,2025,294960,,,FILTER__ITC4,,,,,,,
IT1:22_289_DF_DCIS_POPRES1_1(1.0),A,ITC42,JAN,1,TOTAL,99,2026,295515,e,,FILTER__ITC4,,,,,,,
IT1:22_289_DF_DCIS_POPRES1_1(1.0),A,ITC42,JAN,2,TOTAL,99,2019,304180,,,FILTER__ITC4,,,,,,,
IT1:22_289_DF_DCIS_POPRES1_1(1.0),A,ITC42,JAN,2,TOTAL,99,2020,303902,,,FILTER__ITC4,,,,,,,
IT1:22_289_DF_DCIS_POPRES1_1(1.0),A,ITC42,JAN,2,TOTAL,99,2021,303134,,,FILTER__ITC4,,,,,,,
IT1:22_289_DF_DCIS_POPRES1_1(1.0),A,ITC42,JAN,2,TOTAL,99,2022,302160,,,FILTER__ITC4,,,,,,,
IT1:22_289_DF_DCIS_POPRES1_1(1.0),A,ITC42,JAN,2,TOTAL,99,2023,303247,,,FILTER__ITC4,,,,,,,
IT1:22_289_DF_DCIS_POPRES1_1(1.0),A,ITC42,JAN,2,TOTAL,99,2024,303300,,,FILTER__ITC4,,,,,,,
IT1:22_289_DF_DCIS_POPRES1_1(1.0),A,ITC42,JAN,2,TOTAL,99,2025,303231,,,FILTER__ITC4,,,,,,,
IT1:22_289_DF_DCIS_POPRES1_1(1.0),A,ITC42,JAN,2,TOTAL,99,2026,303047,e,,FILTER__ITC4,,,,,,,
IT1:22_289_DF_DCIS_POPRES1_1(1.0),A,ITC42,JAN,9,TOTAL,99,2019,597807,,,FILTER__ITC4,,,,,,,
IT1:22_289_DF_DCIS_POPRES1_1(1.0),A,ITC42,JAN,9,TOTAL,99,2020,597642,,,FILTER__ITC4,,,,,,,
IT1:22_289_DF_DCIS_POPRES1_1(1.0),A,ITC42,JAN,9,TOTAL,99,2021,596456,,,FILTER__ITC4,,,,,,,
IT1:22_289_DF_DCIS_POPRES1_1(1.0),A,ITC42,JAN,9,TOTAL,99,2022,594941,,,FILTER__ITC4,,,,,,,
IT1:22_289_DF_DCIS_POPRES1_1(1.0),A,ITC42,JAN,9,TOTAL,99,2023,597117,,,FILTER__ITC4,,,,,,,
IT1:22_289_DF_DCIS_POPRES1_1(1.0),A,ITC42,JAN,9,TOTAL,99,2024,597949,,,FILTER__ITC4,,,,,,,
IT1:22_289_DF_DCIS_POPRES1_1(1.0),A,ITC42,JAN,9,TOTAL,99,2025,598191,,,FILTER__ITC4,,,,,,,
IT1:22_289_DF_DCIS_POPRES1_1(1.0),A,ITC42,JAN,9,TOTAL,99,2026,598562,e,,FILTER__ITC4,,,,,,,
IT1:22_289_DF_DCIS_POPRES1_1(1.0),A,ITC43,JAN,1,TOTAL,99,2019,165523,,,FILTER__ITC4,,,,,,,
IT1:22_289_DF_DCIS_POPRES1_1(1.0),A,ITC43,JAN,1,TOTAL,99,2020,165229,,,FILTER__ITC4,,,,,,,
IT1:22_289_DF_DCIS_POPRES1_1(1.0),A,ITC43,JAN,1,TOTAL,99,2021,164689,,,FILTER__ITC4,,,,,,,
IT1:22_289_DF_DCIS_POPRES1_1(1.0),A,ITC43,JAN,1,TOTAL,99,2022,164165,,,FILTER__ITC4,,,,,,,
IT1:22_289_DF_DCIS_POPRES1_1(1.0),A,ITC43,JAN,1,TOTAL,99,2023,164366,,,FILTER__ITC4,,,,,,,
IT1:22_289_DF_DCIS_POPRES1_1(1.0),A,ITC43,JAN,1,TOTAL,99,2024,164807,,,FILTER__ITC4,,,,,,,
IT1:22_289_DF_DCIS_POPRES1_1(1.0),A,ITC43,JAN,1,TOTAL,99,2025,165369,,,FILTER__ITC4,,,,,,,
IT1:22_289_DF_DCIS_POPRES1_1(1.0),A,ITC43,JAN,1,TOTAL,99,2026,165750,e,,FILTER__ITC4,,,,,,,
IT1:22_289_DF_DCIS_POPRES1_1(1.0),A,ITC43,JAN,2,TOTAL,99,2019,170031,,,FILTER__ITC4,,,,,,,
IT1:22_289_DF_DCIS_POPRES1_1(1.0),A,ITC43,JAN,2,TOTAL,99,2020,169732,,,FILTER__ITC4,,,,,,,
IT1:22_289_DF_DCIS_POPRES1_1(1.0),A,ITC43,JAN,2,TOTAL,99,2021,168880,,,FILTER__ITC4,,,,,,,
IT1:22_289_DF_DCIS_POPRES1_1(1.0),A,ITC43,JAN,2,TOTAL,99,2022,168292,,,FILTER__ITC4,,,,,,,
IT1:22_289_DF_DCIS_POPRES1_1(1.0),A,ITC43,JAN,2,TOTAL,99,2023,168409,,,FILTER__ITC4,,,,,,,
IT1:22_289_DF_DCIS_POPRES1_1(1.0),A,ITC43,JAN,2,TOTAL,99,2024,168463,,,FILTER__ITC4,,,,,,,
IT1:22_289_DF_DCIS_POPRES1_1(1.0),A,ITC43,JAN,2,TOTAL,99,2025,168378,,,FILTER__ITC4,,,,,,,
IT1:22_289_DF_DCIS_POPRES1_1(1.0),A,ITC43,JAN,2,TOTAL,99,2026,168461,e,,FILTER__ITC4,,,,,,,
IT1:22_289_DF_DCIS_POPRES1_1(1.0),A,ITC43,JAN,9,TOTAL,99,2019,335554,,,FILTER__ITC4,,,,,,,
IT1:22_289_DF_DCIS_POPRES1_1(1.0),A,ITC43,JAN,9,TOTAL,99,2020,334961,,,FILTER__ITC4,,,,,,,
IT1:22_289_DF_DCIS_POPRES1_1(1.0),A,ITC43,JAN,9,TOTAL,99,2021,333569,,,FILTER__ITC4,,,,,,,
IT1:22_289_DF_DCIS_POPRES1_1(1.0),A,ITC43,JAN,9,TOTAL,99,2022,332457,,,FILTER__ITC4,,,,,,,
IT1:22_289_DF_DCIS_POPRES1_1(1.0),A,ITC43,JAN,9,TOTAL,99,2023,332775,,,FILTER__ITC4,,,,,,,
IT1:22_289_DF_DCIS_POPRES1_1(1.0),A,ITC43,JAN,9,TOTAL,99,2024,333270,,,FILTER__ITC4,,,,,,,
IT1:22_289_DF_DCIS_POPRES1_1(1.0),A,ITC43,JAN,9,TOTAL,99,2025,333747,,,FILTER__ITC4,,,,,,,
IT1:22_289_DF_DCIS_POPRES1_1(1.0),A,ITC43,JAN,9,TOTAL,99,2026,334211,e,,FILTER__ITC4,,,,,,,
IT1:22_289_DF_DCIS_POPRES1_1(1.0),A,ITC44,JAN,1,TOTAL,99,2019,88718,,,FILTER__ITC4,,,,,,,
IT1:22_289_DF_DCIS_POPRES1_1(1.0),A,ITC44,JAN,1,TOTAL,99,2020,88684,,,FILTER__ITC4,,,,,,,
IT1:22_289_DF_DCIS_POPRES1_1(1.0),A,ITC44,JAN,1,TOTAL,99,2021,88017,,,FILTER__ITC4,,,,,,,
IT1:22_289_DF_DCIS_POPRES1_1(1.0),A,ITC44,JAN,1,TOTAL,99,2022,88067,,,FILTER__ITC4,,,,,,,
IT1:22_289_DF_DCIS_POPRES1_1(1.0),A,ITC44,JAN,1,TOTAL,99,2023,88128,,,FILTER__ITC4,,,,,,,
IT1:22_289_DF_DCIS_POPRES1_1(1.0),A,ITC44,JAN,1,TOTAL,99,2024,88316,,,FILTER__ITC4,,,,,,,
IT1:22_289_DF_DCIS_POPRES1_1(1.0),A,ITC44,JAN,1,TOTAL,99,2025,88545,,,FILTER__ITC4,,,,,,,
IT1:22_289_DF_DCIS_POPRES1_1(1.0),A,ITC44,JAN,1,TOTAL,99,2026,88878,e,,FILTER__ITC4,,,,,,,
IT1:22_289_DF_DCIS_POPRES1_1(1.0),A,ITC44,JAN,2,TOTAL,99,2019,91962,,,FILTER__ITC4,,,,,,,
IT1:22_289_DF_DCIS_POPRES1_1(1.0),A,ITC44,JAN,2,TOTAL,99,2020,91741,,,FILTER__ITC4,,,,,,,
IT1:22_289_DF_DCIS_POPRES1_1(1.0),A,ITC44,JAN,2,TOTAL,99,2021,90781,,,FILTER__ITC4,,,,,,,
IT1:22_289_DF_DCIS_POPRES1_1(1.0),A,ITC44,JAN,2,TOTAL,99,2022,90717,,,FILTER__ITC4,,,,,,,
IT1:22_289_DF_DCIS_POPRES1_1(1.0),A,ITC44,JAN,2,TOTAL,99,2023,90667,,,FILTER__ITC4,,,,,,,
IT1:22_289_DF_DCIS_POPRES1_1(1.0),A,ITC44,JAN,2,TOTAL,99,2024,90557,,,FILTER__ITC4,,,,,,,
IT1:22_289_DF_DCIS_POPRES1_1(1.0),A,ITC44,JAN,2,TOTAL,99,2025,90555,,,FILTER__ITC4,,,,,,,
IT1:22_289_DF_DCIS_POPRES1_1(1.0),A,ITC44,JAN,2,TOTAL,99,2026,90390,e,,FILTER__ITC4,,,,,,,
IT1:22_289_DF_DCIS_POPRES1_1(1.0),A,ITC44,JAN,9,TOTAL,99,2019,180680,,,FILTER__ITC4,,,,,,,
IT1:22_289_DF_DCIS_POPRES1_1(1.0),A,ITC44,JAN,9,TOTAL,99,2020,180425,,,FILTER__ITC4,,,,,,,
IT1:22_289_DF_DCIS_POPRES1_1(1.0),A,ITC44,JAN,9,TOTAL,99,2021,178798,,,FILTER__ITC4,,,,,,,
IT1:22_289_DF_DCIS_POPRES1_1(1.0),A,ITC44,JAN,9,TOTAL,99,2022,178784,,,FILTER__ITC4,,,,,,,
IT1:22_289_DF_DCIS_POPRES1_1(1.0),A,ITC44,JAN,9,TOTAL,99,2023,178795,,,FILTER__ITC4,,,,,,,
IT1:22_289_DF_DCIS_POPRES1_1(1.0),A,ITC44,JAN,9,TOTAL,99,2024,178873,,,FILTER__ITC4,,,,,,,
IT1:22_289_DF_DCIS_POPRES1_1(1.0),A,ITC44,JAN,9,TOTAL,99,2025,179100,,,FILTER__ITC4,,,,,,,
IT1:22_289_DF_DCIS_POPRES1_1(1.0),A,ITC44,JAN,9,TOTAL,99,2026,179268,e,,FILTER__ITC4,,,,,,,
IT1:22_289_DF_DCIS_POPRES1_1(1.0),A,ITC45,JAN,1,TOTAL,99,2019,1576705,,,FILTER__ITC4,,,,,,,
IT1:22_289_DF_DCIS_POPRES1_1(1.0),A,ITC45,JAN,1,TOTAL,99,2020,1585425,,,FILTER__ITC4,,,,,,,
IT1:22_289_DF_DCIS_POPRES1_1(1.0),A,ITC45,JAN,1,TOTAL,99,2021,1575337,,,FILTER__ITC4,,,,,,,
IT1:22_289_DF_DCIS_POPRES1_1(1.0),A,ITC45,JAN,1,TOTAL,99,2022,1564438,,,FILTER__ITC4,,,,,,,
IT1:22_289_DF_DCIS_POPRES1_1(1.0),A,ITC45,JAN,1,TOTAL,99,2023,1572189,,,FILTER__ITC4,,,,,,,
IT1:22_289_DF_DCIS_POPRES1_1(1.0),A,ITC45,JAN,1,TOTAL,99,2024,1584904,,,FILTER__ITC4,,,,,,,
IT1:22_289_DF_DCIS_POPRES1_1(1.0),A,ITC45,JAN,1,TOTAL,99,2025,1586778,,,FILTER__ITC4,,,,,,,
IT1:22_289_DF_DCIS_POPRES1_1(1.0),A,ITC45,JAN,1,TOTAL,99,2026,1591707,e,,FILTER__ITC4,,,,,,,
IT1:22_289_DF_DCIS_POPRES1_1(1.0),A,ITC45,JAN,2,TOTAL,99,2019,1673372,,,FILTER__ITC4,,,,,,,
IT1:22_289_DF_DCIS_POPRES1_1(1.0),A,ITC45,JAN,2,TOTAL,99,2020,1679902,,,FILTER__ITC4,,,,,,,
IT1:22_289_DF_DCIS_POPRES1_1(1.0),A,ITC45,JAN,2,TOTAL,99,2021,1666476,,,FILTER__ITC4,,,,,,,
IT1:22_289_DF_DCIS_POPRES1_1(1.0),A,ITC45,JAN,2,TOTAL,99,2022,1650192,,,FILTER__ITC4,,,,,,,
IT1:22_289_DF_DCIS_POPRES1_1(1.0),A,ITC45,JAN,2,TOTAL,99,2023,1655817,,,FILTER__ITC4,,,,,,,
IT1:22_289_DF_DCIS_POPRES1_1(1.0),A,ITC45,JAN,2,TOTAL,99,2024,1660555,,,FILTER__ITC4,,,,,,,
IT1:22_289_DF_DCIS_POPRES1_1(1.0),A,ITC45,JAN,2,TOTAL,99,2025,1659677,,,FILTER__ITC4,,,,,,,
IT1:22_289_DF_DCIS_POPRES1_1(1.0),A,ITC45,JAN,2,TOTAL,99,2026,1661404,e,,FILTER__ITC4,,,,,,,
IT1:22_289_DF_DCIS_POPRES1_1(1.0),A,ITC45,JAN,9,TOTAL,99,2019,3250077,,,FILTER__ITC4,,,,,,,
IT1:22_289_DF_DCIS_POPRES1_1(1.0),A,ITC45,JAN,9,TOTAL,99,2020,3265327,,,FILTER__ITC4,,,,,,,
IT1:22_289_DF_DCIS_POPRES1_1(1.0),A,ITC45,JAN,9,TOTAL,99,2021,3241813,,,FILTER__ITC4,,,,,,,
IT1:22_289_DF_DCIS_POPRES1_1(1.0),A,ITC45,JAN,9,TOTAL,99,2022,3214630,,,FILTER__ITC4,,,,,,,
IT1:22_289_DF_DCIS_POPRES1_1(1.0),A,ITC45,JAN,9,TOTAL,99,2023,3228006,,,FILTER__ITC4,,,,,,,
IT1:22_289_DF_DCIS_POPRES1_1(1.0),A,ITC45,JAN,9,TOTAL,99,2024,3245459,,,FILTER__ITC4,,,,,,,
IT1:22_289_DF_DCIS_POPRES1_1(1.0),A,ITC45,JAN,9,TOTAL,99,2025,3246455,,,FILTER__ITC4,,,,,,,
IT1:22_289_DF_DCIS_POPRES1_1(1.0),A,ITC45,JAN,9,TOTAL,99,2026,3253111,e,,FILTER__ITC4,,,,,,,
IT1:22_289_DF_DCIS_POPRES1_1(1.0),A,ITC46,JAN,1,TOTAL,99,2019,549430,,,FILTER__ITC4,,,,,,,
IT1:22_289_DF_DCIS_POPRES1_1(1.0),A,ITC46,JAN,1,TOTAL,99,2020,549853,,,FILTER__ITC4,,,,,,,
IT1:22_289_DF_DCIS_POPRES1_1(1.0),A,ITC46,JAN,1,TOTAL,99,2021,548139,,,FILTER__ITC4,,,,,,,
IT1:22_289_DF_DCIS_POPRES1_1(1.0),A,ITC46,JAN,1,TOTAL,99,2022,548284,,,FILTER__ITC4,,,,,,,
IT1:22_289_DF_DCIS_POPRES1_1(1.0),A,ITC46,JAN,1,TOTAL,99,2023,549975,,,FILTER__ITC4,,,,,,,
IT1:22_289_DF_DCIS_POPRES1_1(1.0),A,ITC46,JAN,1,TOTAL,99,2024,552702,,,FILTER__ITC4,,,,,,,
IT1:22_289_DF_DCIS_POPRES1_1(1.0),A,ITC46,JAN,1,TOTAL,99,2025,555613,,,FILTER__ITC4,,,,,,,
IT1:22_289_DF_DCIS_POPRES1_1(1.0),A,ITC46,JAN,1,TOTAL,99,2026,558868,e,,FILTER__ITC4,,,,,,,
IT1:22_289_DF_DCIS_POPRES1_1(1.0),A,ITC46,JAN,2,TOTAL,99,2019,557729,,,FILTER__ITC4,,,,,,,
IT1:22_289_DF_DCIS_POPRES1_1(1.0),A,ITC46,JAN,2,TOTAL,99,2020,558273,,,FILTER__ITC4,,,,,,,
IT1:22_289_DF_DCIS_POPRES1_1(1.0),A,ITC46,JAN,2,TOTAL,99,2021,555417,,,FILTER__ITC4,,,,,,,
IT1:22_289_DF_DCIS_POPRES1_1(1.0),A,ITC46,JAN,2,TOTAL,99,2022,554713,,,FILTER__ITC4,,,,,,,
IT1:22_289_DF_DCIS_POPRES1_1(1.0),A,ITC46,JAN,2,TOTAL,99,2023,556328,,,FILTER__ITC4,,,,,,,
IT1:22_289_DF_DCIS_POPRES1_1(1.0),A,ITC46,JAN,2,TOTAL,99,2024,557725,,,FILTER__ITC4,,,,,,,
IT1:22_289_DF_DCIS_POPRES1_1(1.0),A,ITC46,JAN,2,TOTAL,99,2025,559167,,,FILTER__ITC4,,,,,,,
IT1:22_289_DF_DCIS_POPRES1_1(1.0),A,ITC46,JAN,2,TOTAL,99,2026,560365,e,,FILTER__ITC4,,,,,,,
IT1:22_289_DF_DCIS_POPRES1_1(1.0),A,ITC46,JAN,9,TOTAL,99,2019,1107159,,,FILTER__ITC4,,,,,,,
IT1:22_289_DF_DCIS_POPRES1_1(1.0),A,ITC46,JAN,9,TOTAL,99,2020,1108126,,,FILTER__ITC4,,,,,,,
IT1:22_289_DF_DCIS_POPRES1_1(1.0),A,ITC46,JAN,9,TOTAL,99,2021,1103556,,,FILTER__ITC4,,,,,,,
IT1:22_289_DF_DCIS_POPRES1_1(1.0),A,ITC46,JAN,9,TOTAL,99,2022,1102997,,,FILTER__ITC4,,,,,,,
IT1:22_289_DF_DCIS_POPRES1_1(1.0),A,ITC46,JAN,9,TOTAL,99,2023,1106303,,,FILTER__ITC4,,,,,,,
IT1:22_289_DF_DCIS_POPRES1_1(1.0),A,ITC46,JAN,9,TOTAL,99,2024,1110427,,,FILTER__ITC4,,,,,,,
IT1:22_289_DF_DCIS_POPRES1_1(1.0),A,ITC46,JAN,9,TOTAL,99,2025,1114780,,,FILTER__ITC4,,,,,,,
IT1:22_289_DF_DCIS_POPRES1_1(1.0),A,ITC46,JAN,9,TOTAL,99,2026,1119233,e,,FILTER__ITC4,,,,,,,
IT1:22_289_DF_DCIS_POPRES1_1(1.0),A,ITC47,JAN,1,TOTAL,99,2019,618924,,,FILTER__ITC4,,,,,,,
IT1:22_289_DF_DCIS_POPRES1_1(1.0),A,ITC47,JAN,1,TOTAL,99,2020,619811,,,FILTER__ITC4,,,,,,,
IT1:22_289_DF_DCIS_POPRES1_1(1.0),A,ITC47,JAN,1,TOTAL,99,2021,621517,,,FILTER__ITC4,,,,,,,
IT1:22_289_DF_DCIS_POPRES1_1(1.0),A,ITC47,JAN,1,TOTAL,99,2022,620830,,,FILTER__ITC4,,,,,,,
IT1:22_289_DF_DCIS_POPRES1_1(1.0),A,ITC47,JAN,1,TOTAL,99,2023,623202,,,FILTER__ITC4,,,,,,,
IT1:22_289_DF_DCIS_POPRES1_1(1.0),A,ITC47,JAN,1,TOTAL,99,2024,625870,,,FILTER__ITC4,,,,,,,
IT1:22_289_DF_DCIS_POPRES1_1(1.0),A,ITC47,JAN,1,TOTAL,99,2025,629243,,,FILTER__ITC4,,,,,,,
IT1:22_289_DF_DCIS_POPRES1_1(1.0),A,ITC47,JAN,1,TOTAL,99,2026,633530,e,,FILTER__ITC4,,,,,,,
IT1:22_289_DF_DCIS_POPRES1_1(1.0),A,ITC47,JAN,2,TOTAL,99,2019,635495,,,FILTER__ITC4,,,,,,,
IT1:22_289_DF_DCIS_POPRES1_1(1.0),A,ITC47,JAN,2,TOTAL,99,2020,635626,,,FILTER__ITC4,,,,,,,
IT1:22_289_DF_DCIS_POPRES1_1(1.0),A,ITC47,JAN,2,TOTAL,99,2021,634192,,,FILTER__ITC4,,,,,,,
IT1:22_289_DF_DCIS_POPRES1_1(1.0),A,ITC47,JAN,2,TOTAL,99,2022,632327,,,FILTER__ITC4,,,,,,,
IT1:22_289_DF_DCIS_POPRES1_1(1.0),A,ITC47,JAN,2,TOTAL,99,2023,634124,,,FILTER__ITC4,,,,,,,
IT1:22_289_DF_DCIS_POPRES1_1(1.0),A,ITC47,JAN,2,TOTAL,99,2024,635085,,,FILTER__ITC4,,,,,,,
IT1:22_289_DF_DCIS_POPRES1_1(1.0),A,ITC47,JAN,2,TOTAL,99,2025,636641,,,FILTER__ITC4,,,,,,,
IT1:22_289_DF_DCIS_POPRES1_1(1.0),A,ITC47,JAN,2,TOTAL,99,2026,638229,e,,FILTER__ITC4,,,,,,,
IT1:22_289_DF_DCIS_POPRES1_1(1.0),A,ITC47,JAN,9,TOTAL,99,2019,1254419,,,FILTER__ITC4,,,,,,,
IT1:22_289_DF_DCIS_POPRES1_1(1.0),A,ITC47,JAN,9,TOTAL,99,2020,1255437,,,FILTER__ITC4,,,,,,,
IT1:22_289_DF_DCIS_POPRES1_1(1.0),A,ITC47,JAN,9,TOTAL,99,2021,1255709,,,FILTER__ITC4,,,,,,,
IT1:22_289_DF_DCIS_POPRES1_1(1.0),A,ITC47,JAN,9,TOTAL,99,2022,1253157,,,FILTER__ITC4,,,,,,,
IT1:22_289_DF_DCIS_POPRES1_1(1.0),A,ITC47,JAN,9,TOTAL,99,2023,1257326,,,FILTER__ITC4,,,,,,,
IT1:22_289_DF_DCIS_POPRES1_1(1.0),A,ITC47,JAN,9,TOTAL,99,2024,1260955,,,FILTER__ITC4,,,,,,,
IT1:22_289_DF_DCIS_POPRES1_1(1.0),A,ITC47,JAN,9,TOTAL,99,2025,1265884,,,FILTER__ITC4,,,,,,,
IT1:22_289_DF_DCIS_POPRES1_1(1.0),A,ITC47,JAN,9,TOTAL,99,2026,1271759,e,,FILTER__ITC4,,,,,,,
IT1:22_289_DF_DCIS_POPRES1_1(1.0),A,ITC48,JAN,1,TOTAL,99,2019,264859,,,FILTER__ITC4,,,,,,,
IT1:22_289_DF_DCIS_POPRES1_1(1.0),A,ITC48,JAN,1,TOTAL,99,2020,264325,,,FILTER__ITC4,,,,,,,
IT1:22_289_DF_DCIS_POPRES1_1(1.0),A,ITC48,JAN,1,TOTAL,99,2021,262271,,,FILTER__ITC4,,,,,,,
IT1:22_289_DF_DCIS_POPRES1_1(1.0),A,ITC48,JAN,1,TOTAL,99,2022,262099,,,FILTER__ITC4,,,,,,,
IT1:22_289_DF_DCIS_POPRES1_1(1.0),A,ITC48,JAN,1,TOTAL,99,2023,263200,,,FILTER__ITC4,,,,,,,
IT1:22_289_DF_DCIS_POPRES1_1(1.0),A,ITC48,JAN,1,TOTAL,99,2024,265015,,,FILTER__ITC4,,,,,,,
IT1:22_289_DF_DCIS_POPRES1_1(1.0),A,ITC48,JAN,1,TOTAL,99,2025,267179,,,FILTER__ITC4,,,,,,,
IT1:22_289_DF_DCIS_POPRES1_1(1.0),A,ITC48,JAN,1,TOTAL,99,2026,269759,e,,FILTER__ITC4,,,,,,,
IT1:22_289_DF_DCIS_POPRES1_1(1.0),A,ITC48,JAN,2,TOTAL,99,2019,276858,,,FILTER__ITC4,,,,,,,
IT1:22_289_DF_DCIS_POPRES1_1(1.0),A,ITC48,JAN,2,TOTAL,99,2020,276051,,,FILTER__ITC4,,,,,,,
IT1:22_289_DF_DCIS_POPRES1_1(1.0),A,ITC48,JAN,2,TOTAL,99,2021,273530,,,FILTER__ITC4,,,,,,,
IT1:22_289_DF_DCIS_POPRES1_1(1.0),A,ITC48,JAN,2,TOTAL,99,2022,272407,,,FILTER__ITC4,,,,,,,
IT1:22_289_DF_DCIS_POPRES1_1(1.0),A,ITC48,JAN,2,TOTAL,99,2023,273206,,,FILTER__ITC4,,,,,,,
IT1:22_289_DF_DCIS_POPRES1_1(1.0),A,ITC48,JAN,2,TOTAL,99,2024,273617,,,FILTER__ITC4,,,,,,,
IT1:22_289_DF_DCIS_POPRES1_1(1.0),A,ITC48,JAN,2,TOTAL,99,2025,274770,,,FILTER__ITC4,,,,,,,
IT1:22_289_DF_DCIS_POPRES1_1(1.0),A,ITC48,JAN,2,TOTAL,99,2026,276264,e,,FILTER__ITC4,,,,,,,
IT1:22_289_DF_DCIS_POPRES1_1(1.0),A,ITC48,JAN,9,TOTAL,99,2019,541717,,,FILTER__ITC4,,,,,,,
IT1:22_289_DF_DCIS_POPRES1_1(1.0),A,ITC48,JAN,9,TOTAL,99,2020,540376,,,FILTER__ITC4,,,,,,,
IT1:22_289_DF_DCIS_POPRES1_1(1.0),A,ITC48,JAN,9,TOTAL,99,2021,535801,,,FILTER__ITC4,,,,,,,
IT1:22_289_DF_DCIS_POPRES1_1(1.0),A,ITC48,JAN,9,TOTAL,99,2022,534506,,,FILTER__ITC4,,,,,,,
IT1:22_289_DF_DCIS_POPRES1_1(1.0),A,ITC48,JAN,9,TOTAL,99,2023,536406,,,FILTER__ITC4,,,,,,,
IT1:22_289_DF_DCIS_POPRES1_1(1.0),A,ITC48,JAN,9,TOTAL,99,2024,538632,,,FILTER__ITC4,,,,,,,
IT1:22_289_DF_DCIS_POPRES1_1(1.0),A,ITC48,JAN,9,TOTAL,99,2025,541949,,,FILTER__ITC4,,,,,,,
IT1:22_289_DF_DCIS_POPRES1_1(1.0),A,ITC48,JAN,9,TOTAL,99,2026,546023,e,,FILTER__ITC4,,,,,,,
IT1:22_289_DF_DCIS_POPRES1_1(1.0),A,ITC49,JAN,1,TOTAL,99,2019,112069,,,FILTER__ITC4,,,,,,,
IT1:22_289_DF_DCIS_POPRES1_1(1.0),A,ITC49,JAN,1,TOTAL,99,2020,112331,,,FILTER__ITC4,,,,,,,
IT1:22_289_DF_DCIS_POPRES1_1(1.0),A,ITC49,JAN,1,TOTAL,99,2021,112568,,,FILTER__ITC4,,,,,,,
IT1:22_289_DF_DCIS_POPRES1_1(1.0),A,ITC49,JAN,1,TOTAL,99,2022,112645,,,FILTER__ITC4,,,,,,,
IT1:22_289_DF_DCIS_POPRES1_1(1.0),A,ITC49,JAN,1,TOTAL,99,2023,113286,,,FILTER__ITC4,,,,,,,
IT1:22_289_DF_DCIS_POPRES1_1(1.0),A,ITC49,JAN,1,TOTAL,99,2024,114084,,,FILTER__ITC4,,,,,,,
IT1:22_289_DF_DCIS_POPRES1_1(1.0),A,ITC49,JAN,1,TOTAL,99,2025,114800,,,FILTER__ITC4,,,,,,,
IT1:22_289_DF_DCIS_POPRES1_1(1.0),A,ITC49,JAN,1,TOTAL,99,2026,115724,e,,FILTER__ITC4,,,,,,,
IT1:22_289_DF_DCIS_POPRES1_1(1.0),A,ITC49,JAN,2,TOTAL,99,2019,114880,,,FILTER__ITC4,,,,,,,
IT1:22_289_DF_DCIS_POPRES1_1(1.0),A,ITC49,JAN,2,TOTAL,99,2020,115081,,,FILTER__ITC4,,,,,,,
IT1:22_289_DF_DCIS_POPRES1_1(1.0),A,ITC49,JAN,2,TOTAL,99,2021,114775,,,FILTER__ITC4,,,,,,,
IT1:22_289_DF_DCIS_POPRES1_1(1.0),A,ITC49,JAN,2,TOTAL,99,2022,114682,,,FILTER__ITC4,,,,,,,
IT1:22_289_DF_DCIS_POPRES1_1(1.0),A,ITC49,JAN,2,TOTAL,99,2023,114850,,,FILTER__ITC4,,,,,,,
IT1:22_289_DF_DCIS_POPRES1_1(1.0),A,ITC49,JAN,2,TOTAL,99,2024,115389,,,FILTER__ITC4,,,,,,,
IT1:22_289_DF_DCIS_POPRES1_1(1.0),A,ITC49,JAN,2,TOTAL,99,2025,115450,,,FILTER__ITC4,,,,,,,
IT1:22_289_DF_DCIS_POPRES1_1(1.0),A,ITC49,JAN,2,TOTAL,99,2026,115757,e,,FILTER__ITC4,,,,,,,
IT1:22_289_DF_DCIS_POPRES1_1(1.0),A,ITC49,JAN,9,TOTAL,99,2019,226949,,,FILTER__ITC4,,,,,,,
IT1:22_289_DF_DCIS_POPRES1_1(1.0),A,ITC49,JAN,9,TOTAL,99,2020,227412,,,FILTER__ITC4,,,,,,,
IT1:22_289_DF_DCIS_POPRES1_1(1.0),A,ITC49,JAN,9,TOTAL,99,2021,227343,,,FILTER__ITC4,,,,,,,
IT1:22_289_DF_DCIS_POPRES1_1(1.0),A,ITC49,JAN,9,TOTAL,99,2022,227327,,,FILTER__ITC4,,,,,,,
IT1:22_289_DF_DCIS_POPRES1_1(1.0),A,ITC49,JAN,9,TOTAL,99,2023,228136,,,FILTER__ITC4,,,,,,,
IT1:22_289_DF_DCIS_POPRES1_1(1.0),A,ITC49,JAN,9,TOTAL,99,2024,229473,,,FILTER__ITC4,,,,,,,
IT1:22_289_DF_DCIS_POPRES1_1(1.0),A,ITC49,JAN,9,TOTAL,99,2025,230250,,,FILTER__ITC4,,,,,,,
IT1:22_289_DF_DCIS_POPRES1_1(1.0),A,ITC49,JAN,9,TOTAL,99,2026,231481,e,,FILTER__ITC4,,,,,,,
IT1:22_289_DF_DCIS_POPRES1_1(1.0),A,ITC4A,JAN,1,TOTAL,99,2019,175540,,,FILTER__ITC4,,,,,,,
IT1:22_289_DF_DCIS_POPRES1_1(1.0),A,ITC4A,JAN,1,TOTAL,99,2020,175602,,,FILTER__ITC4,,,,,,,
IT1:22_289_DF_DCIS_POPRES1_1(1.0),A,ITC4A,JAN,1,TOTAL,99,2021,173930,,,FILTER__ITC4,,,,,,,
IT1:22_289_DF_DCIS_POPRES1_1(1.0),A,ITC4A,JAN,1,TOTAL,99,2022,173826,,,FILTER__ITC4,,,,,,,
IT1:22_289_DF_DCIS_POPRES1_1(1.0),A,ITC4A,JAN,1,TOTAL,99,2023,174232,,,FILTER__ITC4,,,,,,,
IT1:22_289_DF_DCIS_POPRES1_1(1.0),A,ITC4A,JAN,1,TOTAL,99,2024,175015,,,FILTER__ITC4,,,,,,,
IT1:22_289_DF_DCIS_POPRES1_1(1.0),A,ITC4A,JAN,1,TOTAL,99,2025,175928,,,FILTER__ITC4,,,,,,,
IT1:22_289_DF_DCIS_POPRES1_1(1.0),A,ITC4A,JAN,1,TOTAL,99,2026,177050,e,,FILTER__ITC4,,,,,,,
IT1:22_289_DF_DCIS_POPRES1_1(1.0),A,ITC4A,JAN,2,TOTAL,99,2019,180610,,,FILTER__ITC4,,,,,,,
IT1:22_289_DF_DCIS_POPRES1_1(1.0),A,ITC4A,JAN,2,TOTAL,99,2020,180306,,,FILTER__ITC4,,,,,,,
IT1:22_289_DF_DCIS_POPRES1_1(1.0),A,ITC4A,JAN,2,TOTAL,99,2021,178312,,,FILTER__ITC4,,,,,,,
IT1:22_289_DF_DCIS_POPRES1_1(1.0),A,ITC4A,JAN,2,TOTAL,99,2022,177828,,,FILTER__ITC4,,,,,,,
IT1:22_289_DF_DCIS_POPRES1_1(1.0),A,ITC4A,JAN,2,TOTAL,99,2023,177957,,,FILTER__ITC4,,,,,,,
IT1:22_289_DF_DCIS_POPRES1_1(1.0),A,ITC4A,JAN,2,TOTAL,99,2024,177950,,,FILTER__ITC4,,,,,,,
IT1:22_289_DF_DCIS_POPRES1_1(1.0),A,ITC4A,JAN,2,TOTAL,99,2025,177995,,,FILTER__ITC4,,,,,,,
IT1:22_289_DF_DCIS_POPRES1_1(1.0),A,ITC4A,JAN,2,TOTAL,99,2026,178084,e,,FILTER__ITC4,,,,,,,
IT1:22_289_DF_DCIS_POPRES1_1(1.0),A,ITC4A,JAN,9,TOTAL,99,2019,356150,,,FILTER__ITC4,,,,,,,
IT1:22_289_DF_DCIS_POPRES1_1(1.0),A,ITC4A,JAN,9,TOTAL,99,2020,355908,,,FILTER__ITC4,,,,,,,
IT1:22_289_DF_DCIS_POPRES1_1(1.0),A,ITC4A,JAN,9,TOTAL,99,2021,352242,,,FILTER__ITC4,,,,,,,
IT1:22_289_DF_DCIS_POPRES1_1(1.0),A,ITC4A,JAN,9,TOTAL,99,2022,351654,,,FILTER__ITC4,,,,,,,
IT1:22_289_DF_DCIS_POPRES1_1(1.0),A,ITC4A,JAN,9,TOTAL,99,2023,352189,,,FILTER__ITC4,,,,,,,
IT1:22_289_DF_DCIS_POPRES1_1(1.0),A,ITC4A,JAN,9,TOTAL,99,2024,352965,,,FILTER__ITC4,,,,,,,
IT1:22_289_DF_DCIS_POPRES1_1(1.0),A,ITC4A,JAN,9,TOTAL,99,2025,353923,,,FILTER__ITC4,,,,,,,
IT1:22_289_DF_DCIS_POPRES1_1(1.0),A,ITC4A,JAN,9,TOTAL,99,2026,355134,e,,FILTER__ITC4,,,,,,,
IT1:22_289_DF_DCIS_POPRES1_1(1.0),A,ITC4B,JAN,1,TOTAL,99,2019,200525,,,FILTER__ITC4,,,,,,,
IT1:22_289_DF_DCIS_POPRES1_1(1.0),A,ITC4B,JAN,1,TOTAL,99,2020,200102,,,FILTER__ITC4,,,,,,,
IT1:22_289_DF_DCIS_POPRES1_1(1.0),A,ITC4B,JAN,1,TOTAL,99,2021,200269,,,FILTER__ITC4,,,,,,,
IT1:22_289_DF_DCIS_POPRES1_1(1.0),A,ITC4B,JAN,1,TOTAL,99,2022,199603,,,FILTER__ITC4,,,,,,,
IT1:22_289_DF_DCIS_POPRES1_1(1.0),A,ITC4B,JAN,1,TOTAL,99,2023,200727,,,FILTER__ITC4,,,,,,,
IT1:22_289_DF_DCIS_POPRES1_1(1.0),A,ITC4B,JAN,1,TOTAL,99,2024,201633,,,FILTER__ITC4,,,,,,,
IT1:22_289_DF_DCIS_POPRES1_1(1.0),A,ITC4B,JAN,1,TOTAL,99,2025,202415,,,FILTER__ITC4,,,,,,,
IT1:22_289_DF_DCIS_POPRES1_1(1.0),A,ITC4B,JAN,1,TOTAL,99,2026,203504,e,,FILTER__ITC4,,,,,,,
IT1:22_289_DF_DCIS_POPRES1_1(1.0),A,ITC4B,JAN,2,TOTAL,99,2019,207326,,,FILTER__ITC4,,,,,,,
IT1:22_289_DF_DCIS_POPRES1_1(1.0),A,ITC4B,JAN,2,TOTAL,99,2020,206817,,,FILTER__ITC4,,,,,,,
IT1:22_289_DF_DCIS_POPRES1_1(1.0),A,ITC4B,JAN,2,TOTAL,99,2021,205792,,,FILTER__ITC4,,,,,,,
IT1:22_289_DF_DCIS_POPRES1_1(1.0),A,ITC4B,JAN,2,TOTAL,99,2022,204873,,,FILTER__ITC4,,,,,,,
IT1:22_289_DF_DCIS_POPRES1_1(1.0),A,ITC4B,JAN,2,TOTAL,99,2023,205392,,,FILTER__ITC4,,,,,,,
IT1:22_289_DF_DCIS_POPRES1_1(1.0),A,ITC4B,JAN,2,TOTAL,99,2024,205369,,,FILTER__ITC4,,,,,,,
IT1:22_289_DF_DCIS_POPRES1_1(1.0),A,ITC4B,JAN,2,TOTAL,99,2025,205329,,,FILTER__ITC4,,,,,,,
IT1:22_289_DF_DCIS_POPRES1_1(1.0),A,ITC4B,JAN,2,TOTAL,99,2026,205211,e,,FILTER__ITC4,,,,,,,
IT1:22_289_DF_DCIS_POPRES1_1(1.0),A,ITC4B,JAN,9,TOTAL,99,2019,407851,,,FILTER__ITC4,,,,,,,
IT1:22_289_DF_DCIS_POPRES1_1(1.0),A,ITC4B,JAN,9,TOTAL,99,2020,406919,,,FILTER__ITC4,,,,,,,
IT1:22_289_DF_DCIS_POPRES1_1(1.0),A,ITC4B,JAN,9,TOTAL,99,2021,406061,,,FILTER__ITC4,,,,,,,
IT1:22_289_DF_DCIS_POPRES1_1(1.0),A,ITC4B,JAN,9,TOTAL,99,2022,404476,,,FILTER__ITC4,,,,,,,
IT1:22_289_DF_DCIS_POPRES1_1(1.0),A,ITC4B,JAN,9,TOTAL,99,2023,406119,,,FILTER__ITC4,,,,,,,
IT1:22_289_DF_DCIS_POPRES1_1(1.0),A,ITC4B,JAN,9,TOTAL,99,2024,407002,,,FILTER__ITC4,,,,,,,
IT1:22_289_DF_DCIS_POPRES1_1(1.0),A,ITC4B,JAN,9,TOTAL,99,2025,407744,,,FILTER__ITC4,,,,,,,
IT1:22_289_DF_DCIS_POPRES1_1(1.0),A,ITC4B,JAN,9,TOTAL,99,2026,408715,e,,FILTER__ITC4,,,,,,,
