DATAFLOW,FREQ,REF_AREA,DATA_TYPE,SEX,TIME_PERIOD,OBS_VALUE,OBS_STATUS,NOTE_DS,NOTE_REF_AREA,NOTE_DATA_TYPE,NOTE_SEX,NOTE_TIME_PERIOD,BASE_PER,UNIT_MEAS,UNIT_MULT
IT1:22_315_DF_DCIS_POPORESBIL1_1(1.0),A,ITC41,INTERTNMIG_REGOF,9,2019,1875,,,,,,,,,
IT1:22_315_DF_DCIS_POPORESBIL1_1(1.0),A,ITC41,INTERTNMIG_REGOF,9,2020,774,,,,,,,,,
IT1:22_315_DF_DCIS_POPORESBIL1_1(1.0),A,ITC41,INTERTNMIG_REGOF,9,2021,1654,,,,,,,,,
IT1:22_315_DF_DCIS_POPORESBIL1_1(1.0),A,ITC41,INTERTNMIG_REGOF,9,2022,3028,,,,,,,,,
IT1:22_315_DF_DCIS_POPORESBIL1_1(1.0),A,ITC41,INTERTNMIG_REGOF,9,2023,3001,,,,,,,,,
IT1:22_315_DF_DCIS_POPORESBIL1_1(1.0),A,ITC41,INTERTNMIG_REGOF,9,2024,3086,,,,,,,,,
IT1:22_315_DF_DCIS_POPORESBIL1_1(1.0),A,ITC41,INTERTNMIG_REGOF,9,2025,3910,p,,,,,,,,
IT1:22_315_DF_DCIS_POPORESBIL1_1(1.0),A,ITC41,NTGROW_REGOF,9,2019,-2957,,,,,,,,,
IT1:22_315_DF_DCIS_POPORESBIL1_1(1.0),A,ITC41,NTGROW_REGOF,9,2020,-5817,,,,,,,,,
IT1:22_315_DF_DCIS_POPORESBIL1_1(1.0),A,ITC41,NTGROW_REGOF,9,2021,-4350,,,,,,,,,
IT1:22_315_DF_DCIS_POPORESBIL1_1(1.0),A,ITC41,NTGROW_REGOF,9,2022,-4659,,,,,,,,,
IT1:22_315_DF_DCIS_POPORESBIL1_1(1.0),A,ITC41,NTGROW_REGOF,9,2023,-4106,,,,,,,,,
IT1:22_315_DF_DCIS_POPORESBIL1_1(1.0),A,ITC41,NTGROW_REGOF,9,2024,-4046,,,,,,,,,
IT1:22_315_DF_DCIS_POPORESBIL1_1(1.0),A,ITC41,NTGROW_REGOF,9,2025,-4260,p,,,,,,,,
IT1:22_315_DF_DCIS_POPORESBIL1_1(1.0),A,ITC41,TOTAL_BAL,9,2019,-209,,,,,,,,,
IT1:22_315_DF_DCIS_POPORESBIL1_1(1.0),A,ITC41,TOTAL_BAL,9,2020,-4783,,,,,,,,,
IT1:22_315_DF_DCIS_POPORESBIL1_1(1.0),A,ITC41,TOTAL_BAL,9,2021,-2425,,,,,,,,,
IT1:22_315_DF_DCIS_POPORESBIL1_1(1.0),A,ITC41,TOTAL_BAL,9,2022,2063,,,,,,,,,
IT1:22_315_DF_DCIS_POPORESBIL1_1(1.0),A,ITC41,TOTAL_BAL,9,2023,526,,,,,,,,,
IT1:22_315_DF_DCIS_POPORESBIL1_1(1.0),A,ITC41,TOTAL_BAL,9,2024,2335,,,,,,,,,
