DATAFLOW,FREQ,REF_AREA,DATA_TYPE,TIME_PERIOD,OBS_VALUE,OBS_STATUS,NOTE_DS,NOTE_REF_AREA,NOTE_DATA_TYPE,BASE_PER,UNIT_MEAS,UNIT_MULT
IT1:22_293_DF_DCIS_INDDEMOG1_1(1.0),A,IT,AGEINDEX,2018,169.5,,,,TIPO_DATO15__AGEINDEX_N1,,,
IT1:22_293_DF_DCIS_INDDEMOG1_1(1.0),A,IT,AGEINDEX,2019,174,,,,TIPO_DATO15__AGEINDEX_N1,,,
IT1:22_293_DF_DCIS_INDDEMOG1_1(1.0),A,IT,AGEINDEX,2020,179.4,,,,TIPO_DATO15__AGEINDEX_N1,,,
IT1:22_293_DF_DCIS_INDDEMOG1_1(1.0),A,IT,AGEINDEX,2021,182.6,,,,TIPO_DATO15__AGEINDEX_N1,,,
IT1:22_293_DF_DCIS_INDDEMOG1_1(1.0),A,IT,AGEINDEX,2022,187.6,,,,TIPO_DATO15__AGEINDEX_N1,,,
IT1:22_293_DF_DCIS_INDDEMOG1_1(1.0),A,IT,AGEINDEX,2023,193.1,,,,TIPO_DATO15__AGEINDEX_N1,,,
IT1:22_293_DF_DCIS_INDDEMOG1_1(1.0),A,IT,AGEINDEX,2024,199.8,,,,TIPO_DATO15__AGEINDEX_N1,,,
IT1:22_293_DF_DCIS_INDDEMOG1_1(1.0),A,IT,AGEINDEX,2025,207.7,,,,TIPO_DATO15__AGEINDEX_N1,,,
IT1:22_293_DF_DCIS_INDDEMOG1_1(1.0),A,IT,AGEINDEX,2026,216.3,e,,,TIPO_DATO15__AGEINDEX_N1,,,
IT1:22_293_DF_DCIS_INDDEMOG1_1(1.0),A,IT,DEPENDRATE,2018,56.2,,,,TIPO_DATO15__DEPENDRATE_N1,,,
IT1:22_293_DF_DCIS_INDDEMOG1_1(1.0),A,IT,DEPENDRATE,2019,56.4,,,,TIPO_DATO15__DEPENDRATE_N1,,,
IT1:22_293_DF_DCIS_INDDEMOG1_1(1.0),A,IT,DEPENDRATE,2020,56.7,,,,TIPO_DATO15__DEPENDRATE_N1,,,
IT1:22_293_DF_DCIS_INDDEMOG1_1(1.0),A,IT,DEPENDRATE,2021,57.3,,,,TIPO_DATO15__DEPENDRATE_N1,,,
IT1:22_293_DF_DCIS_INDDEMOG1_1(1.0),A,IT,DEPENDRATE,2022,57.5,,,,TIPO_DATO15__DEPENDRATE_N1,,,
IT1:22_293_DF_DCIS_INDDEMOG1_1(1.0),A,IT,DEPENDRATE,2023,57.4,,,,TIPO_DATO15__DEPENDRATE_N1,,,
IT1:22_293_DF_DCIS_INDDEMOG1_1(1.0),A,IT,DEPENDRATE,2024,57.6,,,,TIPO_DATO15__DEPENDRATE_N1,,,
IT1:22_293_DF_DCIS_INDDEMOG1_1(1.0),A,IT,DEPENDRATE,2025,57.8,,,,TIPO_DATO15__DEPENDRATE_N1,,,
IT1:22_293_DF_DCIS_INDDEMOG1_1(1.0),A,IT,DEPENDRATE,2026,58.1,e,,,TIPO_DATO15__DEPENDRATE_N1,,,
IT1:22_293_DF_DCIS_INDDEMOG1_1(1.0),A,IT,LIFEEXP0F,2018,85.2,,,,TIPO_DATO15__LIFEEXP0F_N1,,,
IT1:22_293_DF_DCIS_INDDEMOG1_1(1.0),A,IT,LIFEEXP0F,2019,85.4,,,,TIPO_DATO15__LIFEEXP0F_N1,,,
IT1:22_293_DF_DCIS_INDDEMOG1_1(1.0),A,IT,LIFEEXP0F,2020,84.5,,,,TIPO_DATO15__LIFEEXP0F_N1,,,
IT1:22_293_DF_DCIS_INDDEMOG1_1(1.0),A,IT,LIFEEXP0F,2021,84.8,,,,TIPO_DATO15__LIFEEXP0F_N1,,,
IT1:22_293_DF_DCIS_INDDEMOG1_1(1.0),A,IT,LIFEEXP0F,2022,84.8,,,,TIPO_DATO15__LIFEEXP0F_N1,,,
IT1:22_293_DF_DCIS_INDDEMOG1_1(1.0),A,IT,LIFEEXP0F,2023,85.1,,,,TIPO_DATO15__LIFEEXP0F_N1,,,
IT1:22_293_DF_DCIS_INDDEMOG1_1(1.0),A,IT,LIFEEXP0F,2024,85.6,,,,TIPO_DATO15__LIFEEXP0F_N1,,,
IT1:22_293_DF_DCIS_INDDEMOG1_1(1.0),A,IT,LIFEEXP0F,2025,85.7,e,,,TIPO_DATO15__LIFEEXP0F_N1,,,
IT1:22_293_DF_DCIS_INDDEMOG1_1(1.0),A,IT,LIFEEXP0M,2018,80.8,,,,TIPO_DATO15__LIFEEXP0M_N1,,,
IT1:22_293_DF_DCIS_INDDEMOG1_1(1.0),A,IT,LIFEEXP0M,2019,81.1,,,,TIPO_DATO15__LIFEEXP0M_N1,,,
IT1:22_293_DF_DCIS_INDDEMOG1_1(1.0),A,IT,LIFEEXP0M,2020,79.8,,,,TIPO_DATO15__LIFEEXP0M_N1,,,
IT1:22_293_DF_DCIS_INDDEMOG1_1(1.0),A,IT,LIFEEXP0M,2021,80.3,,,,TIPO_DATO15__LIFEEXP0M_N1,,,
IT1:22_293_DF_DCIS_INDDEMOG1_1(1.0),A,IT,LIFEEXP0M,2022,80.6,,,,TIPO_DATO15__LIFEEXP0M_N1,,,
IT1:22_293_DF_DCIS_INDDEMOG1_1(1.0),A,IT,LIFEEXP0M,2023,81,,,,TIPO_DATO15__LIFEEXP0M_N1,,,
IT1:22_293_DF_DCIS_INDDEMOG1_1(1.0),A,IT,LIFEEXP0M,2024,81.5,,,,TIPO_DATO15__LIFEEXP0M_N1,,,
IT1:22_293_DF_DCIS_INDDEMOG1_1(1.0),A,IT,LIFEEXP0M,2025,81.7,e,,,TIPO_DATO15__LIFEEXP0M_N1,,,
IT1:22_293_DF_DCIS_INDDEMOG1_1(1.0),A,IT,MEANAGEP,2018,45.2,,,,TIPO_DATO15__MEANAGEP_N1,,,
IT1:22_293_DF_DCIS_INDDEMOG1_1(1.0),A,IT,MEANAGEP,2019,45.5,,,,TIPO_DATO15__MEANAGEP_N1,,,
IT1:22_293_DF_DCIS_INDDEMOG1_1(1.0),A,IT,MEANAGEP,2020,45.7,,,,TIPO_DATO15__MEANAGEP_N1,,,
IT1:22_293_DF_DCIS_INDDEMOG1_1(1.0),A,IT,MEANAGEP,2021,45.9,,,,TIPO_DATO15__MEANAGEP_N1,,,
IT1:22_293_DF_DCIS_INDDEMOG1_1(1.0),A,IT,MEANAGEP,2022,46.2,,,,TIPO_DATO15__MEANAGEP_N1,,,
IT1:22_293_DF_DCIS_INDDEMOG1_1(1.0),A,IT,MEANAGEP,2023,46.4,,,,TIPO_DATO15__MEANAGEP_N1,,,
IT1:22_293_DF_DCIS_INDDEMOG1_1(1.0),A,IT,MEANAGEP,2024,46.6,,,,TIPO_DATO15__MEANAGEP_N1,,,
IT1:22_293_DF_DCIS_INDDEMOG1_1(1.0),A,IT,MEANAGEP,2025,46.9,,,,TIPO_DATO15__MEANAGEP_N1,,,
IT1:22_293_DF_DCIS_INDDEMOG1_1(1.0),A,IT,MEANAGEP,2026,47.1,e,,,TIPO_DATO15__MEANAGEP_N1,,,
IT1:22_293_DF_DCIS_INDDEMOG1_1(1.0),A,IT,OLDAGEDEPR,2018,35.4,,,,TIPO_DATO15__OLDAGEDEPR_N1,,,
IT1:22_293_DF_DCIS_INDDEMOG1_1(1.0),A,IT,OLDAGEDEPR,2019,35.8,,,,TIPO_DATO15__OLDAGEDEPR_N1,,,
IT1:22_293_DF_DCIS_INDDEMOG1_1(1.0),A,IT,OLDAGEDEPR,2020,36.4,,,,TIPO_DATO15__OLDAGEDEPR_N1,,,
IT1:22_293_DF_DCIS_INDDEMOG1_1(1.0),A,IT,OLDAGEDEPR,2021,37,,,,TIPO_DATO15__OLDAGEDEPR_N1,,,
IT1:22_293_DF_DCIS_INDDEMOG1_1(1.0),A,IT,OLDAGEDEPR,2022,37.5,,,,TIPO_DATO15__OLDAGEDEPR_N1,,,
IT1:22_293_DF_DCIS_INDDEMOG1_1(1.0),A,IT,OLDAGEDEPR,2023,37.8,,,,TIPO_DATO15__OLDAGEDEPR_N1,,,
IT1:22_293_DF_DCIS_INDDEMOG1_1(1.0),A,IT,OLDAGEDEPR,2024,38.4,,,,TIPO_DATO15__OLDAGEDEPR_N1,,,
IT1:22_293_DF_DCIS_INDDEMOG1_1(1.0),A,IT,OLDAGEDEPR,2025,39,,,,TIPO_DATO15__OLDAGEDEPR_N1,,,
IT1:22_293_DF_DCIS_INDDEMOG1_1(1.0),A,IT,OLDAGEDEPR,2026,39.8,e,,,TIPO_DATO15__OLDAGEDEPR_N1,,,
IT1:22_293_DF_DCIS_INDDEMOG1_1(1.0),A,IT,TFR,2018,1.31,,,,TIPO_DATO15__TFR_N1,,,
IT1:22_293_DF_DCIS_INDDEMOG1_1(1.0),A,IT,TFR,2019,1.27,,,,TIPO_DATO15__TFR_N1,,,
IT1:22_293_DF_DCIS_INDDEMOG1_1(1.0),A,IT,TFR,2020,1.24,,,,TIPO_DATO15__TFR_N1,,,
IT1:22_293_DF_DCIS_INDDEMOG1_1(1.0),A,IT,TFR,2021,1.25,,,,TIPO_DATO15__TFR_N1,,,
IT1:22_293_DF_DCIS_INDDEMOG1_1(1.0),A,IT,TFR,2022,1.24,,,,TIPO_DATO15__TFR_N1,,,
IT1:22_293_DF_DCIS_INDDEMOG1_1(1.0),A,IT,TFR,2023,1.2,,,,TIPO_DATO15__TFR_N1,,,
IT1:22_293_DF_DCIS_INDDEMOG1_1(1.0),A,IT,TFR,2024,1.18,,,,TIPO_DATO15__TFR_N1,,,
IT1:22_293_DF_DCIS_INDDEMOG1_1(1.0),A,IT,TFR,2025,1.14,e,,,TIPO_DATO15__TFR_N1,,,
IT1:22_293_DF_DCIS_INDDEMOG1_1(1.0),A,ITC4,AGEINDEX,2018,163.1,,,,TIPO_DATO15__AGEINDEX_N1,,,
IT1:22_293_DF_DCIS_INDDEMOG1_1(1.0),A,ITC4,AGEINDEX,2019,166.6,,,,TIPO_DATO15__AGEINDEX_N1,,,
IT1:22_293_DF_DCIS_INDDEMOG1_1(1.0),A,ITC4,AGEINDEX,2020,170.9,,,,TIPO_DATO15__AGEINDEX_N1,,,
IT1:22_293_DF_DCIS_INDDEMOG1_1(1.0),A,ITC4,AGEINDEX,2021,172.3,,,,TIPO_DATO15__AGEINDEX_N1,,,
IT1:22_293_DF_DCIS_INDDEMOG1_1(1.0),A,ITC4,AGEINDEX,2022,177.1,,,,TIPO_DATO15__AGEINDEX_N1,,,
IT1:22_293_DF_DCIS_INDDEMOG1_1(1.0),A,ITC4,AGEINDEX,2023,182,,,,TIPO_DATO15__AGEINDEX_N1,,,
IT1:22_293_DF_DCIS_INDDEMOG1_1(1.0),A,ITC4,AGEINDEX,2024,188.1,,,,TIPO_DATO15__AGEINDEX_N1,,,
IT1:22_293_DF_DCIS_INDDEMOG1_1(1.0),A,ITC4,AGEINDEX,2025,195.4,,,,TIPO_DATO15__AGEINDEX_N1,,,
IT1:22_293_DF_DCIS_INDDEMOG1_1(1.0),A,ITC4,AGEINDEX,2026,203,e,,,TIPO_DATO15__AGEINDEX_N1,,,
IT1:22_293_DF_DCIS_INDDEMOG1_1(1.0),A,ITC4,DEPENDRATE,2018,56.9,,,,TIPO_DATO15__DEPENDRATE_N1,,,
IT1:22_293_DF_DCIS_INDDEMOG1_1(1.0),A,ITC4,DEPENDRATE,2019,56.9,,,,TIPO_DATO15__DEPENDRATE_N1,,,
IT1:22_293_DF_DCIS_INDDEMOG1_1(1.0),A,ITC4,DEPENDRATE,2020,57,,,,TIPO_DATO15__DEPENDRATE_N1,,,
IT1:22_293_DF_DCIS_INDDEMOG1_1(1.0),A,ITC4,DEPENDRATE,2021,56.7,,,,TIPO_DATO15__DEPENDRATE_N1,,,
IT1:22_293_DF_DCIS_INDDEMOG1_1(1.0),A,ITC4,DEPENDRATE,2022,56.9,,,,TIPO_DATO15__DEPENDRATE_N1,,,
IT1:22_293_DF_DCIS_INDDEMOG1_1(1.0),A,ITC4,DEPENDRATE,2023,56.6,,,,TIPO_DATO15__DEPENDRATE_N1,,,
IT1:22_293_DF_DCIS_INDDEMOG1_1(1.0),A,ITC4,DEPENDRATE,2024,56.4,,,,TIPO_DATO15__DEPENDRATE_N1,,,
IT1:22_293_DF_DCIS_INDDEMOG1_1(1.0),A,ITC4,DEPENDRATE,2025,56.4,,,,TIPO_DATO15__DEPENDRATE_N1,,,
IT1:22_293_DF_DCIS_INDDEMOG1_1(1.0),A,ITC4,DEPENDRATE,2026,56.4,e,,,TIPO_DATO15__DEPENDRATE_N1,,,
IT1:22_293_DF_DCIS_INDDEMOG1_1(1.0),A,ITC4,LIFEEXP0F,2018,85.6,,,,TIPO_DATO15__LIFEEXP0F_N1,,,
IT1:22_293_DF_DCIS_INDDEMOG1_1(1.0),A,ITC4,LIFEEXP0F,2019,85.9,,,,TIPO_DATO15__LIFEEXP0F_N1,,,
IT1:22_293_DF_DCIS_INDDEMOG1_1(1.0),A,ITC4,LIFEEXP0F,2020,84,,,,TIPO_DATO15__LIFEEXP0F_N1,,,
IT1:22_293_DF_DCIS_INDDEMOG1_1(1.0),A,ITC4,LIFEEXP0F,2021,85.4,,,,TIPO_DATO15__LIFEEXP0F_N1,,,
IT1:22_293_DF_DCIS_INDDEMOG1_1(1.0),A,ITC4,LIFEEXP0F,2022,85.3,,,,TIPO_DATO15__LIFEEXP0F_N1,,,
IT1:22_293_DF_DCIS_INDDEMOG1_1(1.0),A,ITC4,LIFEEXP0F,2023,85.9,,,,TIPO_DATO15__LIFEEXP0F_N1,,,
IT1:22_293_DF_DCIS_INDDEMOG1_1(1.0),A,ITC4,LIFEEXP0F,2024,86.1,,,,TIPO_DATO15__LIFEEXP0F_N1,,,
IT1:22_293_DF_DCIS_INDDEMOG1_1(1.0),A,ITC4,LIFEEXP0F,2025,86.2,e,,,TIPO_DATO15__LIFEEXP0F_N1,,,
IT1:22_293_DF_DCIS_INDDEMOG1_1(1.0),A,ITC4,LIFEEXP0M,2018,81.3,,,,TIPO_DATO15__LIFEEXP0M_N1,,,
IT1:22_293_DF_DCIS_INDDEMOG1_1(1.0),A,ITC4,LIFEEXP0M,2019,81.5,,,,TIPO_DATO15__LIFEEXP0M_N1,,,
IT1:22_293_DF_DCIS_INDDEMOG1_1(1.0),A,ITC4,LIFEEXP0M,2020,79,,,,TIPO_DATO15__LIFEEXP0M_N1,,,
IT1:22_293_DF_DCIS_INDDEMOG1_1(1.0),A,ITC4,LIFEEXP0M,2021,80.9,,,,TIPO_DATO15__LIFEEXP0M_N1,,,
IT1:22_293_DF_DCIS_INDDEMOG1_1(1.0),A,ITC4,LIFEEXP0M,2022,81.1,,,,TIPO_DATO15__LIFEEXP0M_N1,,,
IT1:22_293_DF_DCIS_INDDEMOG1_1(1.0),A,ITC4,LIFEEXP0M,2023,81.9,,,,TIPO_DATO15__LIFEEXP0M_N1,,,
IT1:22_293_DF_DCIS_INDDEMOG1_1(1.0),A,ITC4,LIFEEXP0M,2024,82.2,,,,TIPO_DATO15__LIFEEXP0M_N1,,,
IT1:22_293_DF_DCIS_INDDEMOG1_1(1.0),A,ITC4,LIFEEXP0M,2025,82.4,e,,,TIPO_DATO15__LIFEEXP0M_N1,,,
IT1:22_293_DF_DCIS_INDDEMOG1_1(1.0),A,ITC4,MEANAGEP,2018,45.1,,,,TIPO_DATO15__MEANAGEP_N1,,,
IT1:22_293_DF_DCIS_INDDEMOG1_1(1.0),A,ITC4,MEANAGEP,2019,45.3,,,,TIPO_DATO15__MEANAGEP_N1,,,
IT1:22_293_DF_DCIS_INDDEMOG1_1(1.0),A,ITC4,MEANAGEP,2020,45.5,,,,TIPO_DATO15__MEANAGEP_N1,,,
IT1:22_293_DF_DCIS_INDDEMOG1_1(1.0),A,ITC4,MEANAGEP,2021,45.6,,,,TIPO_DATO15__MEANAGEP_N1,,,
IT1:22_293_DF_DCIS_INDDEMOG1_1(1.0),A,ITC4,MEANAGEP,2022,45.9,,,,TIPO_DATO15__MEANAGEP_N1,,,
IT1:22_293_DF_DCIS_INDDEMOG1_1(1.0),A,ITC4,MEANAGEP,2023,46,,,,TIPO_DATO15__MEANAGEP_N1,,,
IT1:22_293_DF_DCIS_INDDEMOG1_1(1.0),A,ITC4,MEANAGEP,2024,46.2,,,,TIPO_DATO15__MEANAGEP_N1,,,
IT1:22_293_DF_DCIS_INDDEMOG1_1(1.0),A,ITC4,MEANAGEP,2025,46.4,,,,TIPO_DATO15__MEANAGEP_N1,,,
IT1:22_293_DF_DCIS_INDDEMOG1_1(1.0),A,ITC4,MEANAGEP,2026,46.6,e,,,TIPO_DATO15__MEANAGEP_N1,,,
IT1:22_293_DF_DCIS_INDDEMOG1_1(1.0),A,ITC4,OLDAGEDEPR,2018,35.3,,,,TIPO_DATO15__OLDAGEDEPR_N1,,,
IT1:22_293_DF_DCIS_INDDEMOG1_1(1.0),A,ITC4,OLDAGEDEPR,2019,35.6,,,,TIPO_DATO15__OLDAGEDEPR_N1,,,
IT1:22_293_DF_DCIS_INDDEMOG1_1(1.0),A,ITC4,OLDAGEDEPR,2020,35.9,,,,TIPO_DATO15__OLDAGEDEPR_N1,,,
IT1:22_293_DF_DCIS_INDDEMOG1_1(1.0),A,ITC4,OLDAGEDEPR,2021,35.9,,,,TIPO_DATO15__OLDAGEDEPR_N1,,,
IT1:22_293_DF_DCIS_INDDEMOG1_1(1.0),A,ITC4,OLDAGEDEPR,2022,36.4,,,,TIPO_DATO15__OLDAGEDEPR_N1,,,
IT1:22_293_DF_DCIS_INDDEMOG1_1(1.0),A,ITC4,OLDAGEDEPR,2023,36.5,,,,TIPO_DATO15__OLDAGEDEPR_N1,,,
IT1:22_293_DF_DCIS_INDDEMOG1_1(1.0),A,ITC4,OLDAGEDEPR,2024,36.8,,,,TIPO_DATO15__OLDAGEDEPR_N1,,,
IT1:22_293_DF_DCIS_INDDEMOG1_1(1.0),A,ITC4,OLDAGEDEPR,2025,37.3,,,,TIPO_DATO15__OLDAGEDEPR_N1,,,
IT1:22_293_DF_DCIS_INDDEMOG1_1(1.0),A,ITC4,OLDAGEDEPR,2026,37.8,e,,,TIPO_DATO15__OLDAGEDEPR_N1,,,
IT1:22_293_DF_DCIS_INDDEMOG1_1(1.0),A,ITC4,TFR,2018,1.36,,,,TIPO_DATO15__TFR_N1,,,
IT1:22_293_DF_DCIS_INDDEMOG1_1(1.0),A,ITC4,TFR,2019,1.33,,,,TIPO_DATO15__TFR_N1,,,
IT1:22_293_DF_DCIS_INDDEMOG1_1(1.0),A,ITC4,TFR,2020,1.27,,,,TIPO_DATO15__TFR_N1,,,
IT1:22_293_DF_DCIS_INDDEMOG1_1(1.0),A,ITC4,TFR,2021,1.27,,,,TIPO_DATO15__TFR_N1,,,
IT1:22_293_DF_DCIS_INDDEMOG1_1(1.0),A,ITC4,TFR,2022,1.25,,,,TIPO_DATO15__TFR_N1,,,
IT1:22_293_DF_DCIS_INDDEMOG1_1(1.0),A,ITC4,TFR,2023,1.21,,,,TIPO_DATO15__TFR_N1,,,
IT1:22_293_DF_DCIS_INDDEMOG1_1(1.0),A,ITC4,TFR,2024,1.19,,,,TIPO_DATO15__TFR_N1,,,
IT1:22_293_DF_DCIS_INDDEMOG1_1(1.0),A,ITC4,TFR,2025,1.16,e,,,TIPO_DATO15__TFR_N1,,,
IT1:22_293_DF_DCIS_INDDEMOG1_1(1.0),A,ITC41,AGEINDEX,2018,171.9,,,,TIPO_DATO15__AGEINDEX_N1,,,
IT1:22_293_DF_DCIS_INDDEMOG1_1(1.0),A,ITC41,AGEINDEX,2019,175.5,,,,TIPO_DATO15__AGEINDEX_N1,,,
IT1:22_293_DF_DCIS_INDDEMOG1_1(1.0),A,ITC41,AGEINDEX,2020,180.3,,,,TIPO_DATO15__AGEINDEX_N1,,,
IT1:22_293_DF_DCIS_INDDEMOG1_1(1.0),A,ITC41,AGEINDEX,2021,183.5,,,,TIPO_DATO15__AGEINDEX_N1,,,
IT1:22_293_DF_DCIS_INDDEMOG1_1(1.0),A,ITC41,AGEINDEX,2022,187.9,,,,TIPO_DATO15__AGEINDEX_N1,,,
IT1:22_293_DF_DCIS_INDDEMOG1_1(1.0),A,ITC41,AGEINDEX,2023,192.9,,,,TIPO_DATO15__AGEINDEX_N1,,,
IT1:22_293_DF_DCIS_INDDEMOG1_1(1.0),A,ITC41,AGEINDEX,2024,199.5,,,,TIPO_DATO15__AGEINDEX_N1,,,
IT1:22_293_DF_DCIS_INDDEMOG1_1(1.0),A,ITC41,AGEINDEX,2025,207.6,,,,TIPO_DATO15__AGEINDEX_N1,,,
IT1:22_293_DF_DCIS_INDDEMOG1_1(1.0),A,ITC41,AGEINDEX,2026,215.4,e,,,TIPO_DATO15__AGEINDEX_N1,,,
IT1:22_293_DF_DCIS_INDDEMOG1_1(1.0),A,ITC41,DEPENDRATE,2018,58.8,,,,TIPO_DATO15__DEPENDRATE_N1,,,
IT1:22_293_DF_DCIS_INDDEMOG1_1(1.0),A,ITC41,DEPENDRATE,2019,59,,,,TIPO_DATO15__DEPENDRATE_N1,,,
IT1:22_293_DF_DCIS_INDDEMOG1_1(1.0),A,ITC41,DEPENDRATE,2020,59.2,,,,TIPO_DATO15__DEPENDRATE_N1,,,
IT1:22_293_DF_DCIS_INDDEMOG1_1(1.0),A,ITC41,DEPENDRATE,2021,59.4,,,,TIPO_DATO15__DEPENDRATE_N1,,,
IT1:22_293_DF_DCIS_INDDEMOG1_1(1.0),A,ITC41,DEPENDRATE,2022,59.4,,,,TIPO_DATO15__DEPENDRATE_N1,,,
IT1:22_293_DF_DCIS_INDDEMOG1_1(1.0),A,ITC41,DEPENDRATE,2023,59.1,,,,TIPO_DATO15__DEPENDRATE_N1,,,
IT1:22_293_DF_DCIS_INDDEMOG1_1(1.0),A,ITC41,DEPENDRATE,2024,59,,,,TIPO_DATO15__DEPENDRATE_N1,,,
IT1:22_293_DF_DCIS_INDDEMOG1_1(1.0),A,ITC41,DEPENDRATE,2025,59,,,,TIPO_DATO15__DEPENDRATE_N1,,,
IT1:22_293_DF_DCIS_INDDEMOG1_1(1.0),A,ITC41,DEPENDRATE,2026,59.1,e,,,TIPO_DATO15__DEPENDRATE_N1,,,
IT1:22_293_DF_DCIS_INDDEMOG1_1(1.0),A,ITC41,LIFEEXP0F,2018,85.6,,,,TIPO_DATO15__LIFEEXP0F_N1,,,
IT1:22_293_DF_DCIS_INDDEMOG1_1(1.0),A,ITC41,LIFEEXP0F,2019,86.1,,,,TIPO_DATO15__LIFEEXP0F_N1,,,
IT1:22_293_DF_DCIS_INDDEMOG1_1(1.0),A,ITC41,LIFEEXP0F,2020,84.6,,,,TIPO_DATO15__LIFEEXP0F_N1,,,
IT1:22_293_DF_DCIS_INDDEMOG1_1(1.0),A,ITC41,LIFEEXP0F,2021,85.1,,,,TIPO_DATO15__LIFEEXP0F_N1,,,
IT1:22_293_DF_DCIS_INDDEMOG1_1(1.0),A,ITC41,LIFEEXP0F,2022,85.4,,,,TIPO_DATO15__LIFEEXP0F_N1,,,
IT1:22_293_DF_DCIS_INDDEMOG1_1(1.0),A,ITC41,LIFEEXP0F,2023,86.1,,,,TIPO_DATO15__LIFEEXP0F_N1,,,
IT1:22_293_DF_DCIS_INDDEMOG1_1(1.0),A,ITC41,LIFEEXP0F,2024,86.3,,,,TIPO_DATO15__LIFEEXP0F_N1,,,
IT1:22_293_DF_DCIS_INDDEMOG1_1(1.0),A,ITC41,LIFEEXP0F,2025,86.3,e,,,TIPO_DATO15__LIFEEXP0F_N1,,,
IT1:22_293_DF_DCIS_INDDEMOG1_1(1.0),A,ITC41,LIFEEXP0M,2018,81.4,,,,TIPO_DATO15__LIFEEXP0M_N1,,,
IT1:22_293_DF_DCIS_INDDEMOG1_1(1.0),A,ITC41,LIFEEXP0M,2019,81.5,,,,TIPO_DATO15__LIFEEXP0M_N1,,,
IT1:22_293_DF_DCIS_INDDEMOG1_1(1.0),A,ITC41,LIFEEXP0M,2020,79.7,,,,TIPO_DATO15__LIFEEXP0M_N1,,,
IT1:22_293_DF_DCIS_INDDEMOG1_1(1.0),A,ITC41,LIFEEXP0M,2021,80.7,,,,TIPO_DATO15__LIFEEXP0M_N1,,,
IT1:22_293_DF_DCIS_INDDEMOG1_1(1.0),A,ITC41,LIFEEXP0M,2022,81.1,,,,TIPO_DATO15__LIFEEXP0M_N1,,,
IT1:22_293_DF_DCIS_INDDEMOG1_1(1.0),A,ITC41,LIFEEXP0M,2023,81.8,,,,TIPO_DATO15__LIFEEXP0M_N1,,,
IT1:22_293_DF_DCIS_INDDEMOG1_1(1.0),A,ITC41,LIFEEXP0M,2024,82.3,,,,TIPO_DATO15__LIFEEXP0M_N1,,,
IT1:22_293_DF_DCIS_INDDEMOG1_1(1.0),A,ITC41,LIFEEXP0M,2025,82.7,e,,,TIPO_DATO15__LIFEEXP0M_N1,,,
IT1:22_293_DF_DCIS_INDDEMOG1_1(1.0),A,ITC41,MEANAGEP,2018,45.5,,,,TIPO_DATO15__MEANAGEP_N1,,,
IT1:22_293_DF_DCIS_INDDEMOG1_1(1.0),A,ITC41,MEANAGEP,2019,45.8,,,,TIPO_DATO15__MEANAGEP_N1,,,
IT1:22_293_DF_DCIS_INDDEMOG1_1(1.0),A,ITC41,MEANAGEP,2020,46,,,,TIPO_DATO15__MEANAGEP_N1,,,
IT1:22_293_DF_DCIS_INDDEMOG1_1(1.0),A,ITC41,MEANAGEP,2021,46.2,,,,TIPO_DATO15__MEANAGEP_N1,,,
IT1:22_293_DF_DCIS_INDDEMOG1_1(1.0),A,ITC41,MEANAGEP,2022,46.4,,,,TIPO_DATO15__MEANAGEP_N1,,,
IT1:22_293_DF_DCIS_INDDEMOG1_1(1.0),A,ITC41,MEANAGEP,2023,46.6,,,,TIPO_DATO15__MEANAGEP_N1,,,
IT1:22_293_DF_DCIS_INDDEMOG1_1(1.0),A,ITC41,MEANAGEP,2024,46.9,,,,TIPO_DATO15__MEANAGEP_N1,,,
IT1:22_293_DF_DCIS_INDDEMOG1_1(1.0),A,ITC41,MEANAGEP,2025,47.1,,,,TIPO_DATO15__MEANAGEP_N1,,,
IT1:22_293_DF_DCIS_INDDEMOG1_1(1.0),A,ITC41,MEANAGEP,2026,47.3,e,,,TIPO_DATO15__MEANAGEP_N1,,,
IT1:22_293_DF_DCIS_INDDEMOG1_1(1.0),A,ITC41,OLDAGEDEPR,2018,37.2,,,,TIPO_DATO15__OLDAGEDEPR_N1,,,
IT1:22_293_DF_DCIS_INDDEMOG1_1(1.0),A,ITC41,OLDAGEDEPR,2019,37.6,,,,TIPO_DATO15__OLDAGEDEPR_N1,,,
IT1:22_293_DF_DCIS_INDDEMOG1_1(1.0),A,ITC41,OLDAGEDEPR,2020,38.1,,,,TIPO_DATO15__OLDAGEDEPR_N1,,,
IT1:22_293_DF_DCIS_INDDEMOG1_1(1.0),A,ITC41,OLDAGEDEPR,2021,38.4,,,,TIPO_DATO15__OLDAGEDEPR_N1,,,
IT1:22_293_DF_DCIS_INDDEMOG1_1(1.0),A,ITC41,OLDAGEDEPR,2022,38.8,,,,TIPO_DATO15__OLDAGEDEPR_N1,,,
IT1:22_293_DF_DCIS_INDDEMOG1_1(1.0),A,ITC41,OLDAGEDEPR,2023,38.9,,,,TIPO_DATO15__OLDAGEDEPR_N1,,,
IT1:22_293_DF_DCIS_INDDEMOG1_1(1.0),A,ITC41,OLDAGEDEPR,2024,39.3,,,,TIPO_DATO15__OLDAGEDEPR_N1,,,
IT1:22_293_DF_DCIS_INDDEMOG1_1(1.0),A,ITC41,OLDAGEDEPR,2025,39.8,,,,TIPO_DATO15__OLDAGEDEPR_N1,,,
IT1:22_293_DF_DCIS_INDDEMOG1_1(1.0),A,ITC41,OLDAGEDEPR,2026,40.4,e,,,TIPO_DATO15__OLDAGEDEPR_N1,,,
IT1:22_293_DF_DCIS_INDDEMOG1_1(1.0),A,ITC41,TFR,2018,1.36,,,,TIPO_DATO15__TFR_N1,,,
IT1:22_293_DF_DCIS_INDDEMOG1_1(1.0),A,ITC41,TFR,2019,1.33,,,,TIPO_DATO15__TFR_N1,,,
IT1:22_293_DF_DCIS_INDDEMOG1_1(1.0),A,ITC41,TFR,2020,1.25,,,,TIPO_DATO15__TFR_N1,,,
IT1:22_293_DF_DCIS_INDDEMOG1_1(1.0),A,ITC41,TFR,2021,1.3,,,,TIPO_DATO15__TFR_N1,,,
IT1:22_293_DF_DCIS_INDDEMOG1_1(1.0),A,ITC41,TFR,2022,1.25,,,,TIPO_DATO15__TFR_N1,,,
IT1:22_293_DF_DCIS_INDDEMOG1_1(1.0),A,ITC41,TFR,2023,1.2,,,,TIPO_DATO15__TFR_N1,,,
IT1:22_293_DF_DCIS_INDDEMOG1_1(1.0),A,ITC41,TFR,2024,1.19,,,,TIPO_DATO15__TFR_N1,,,
IT1:22_293_DF_DCIS_INDDEMOG1_1(1.0),A,ITC41,TFR,2025,1.16,e,,,TIPO_DATO15__TFR_N1,,,
